id,songName,songImage,songLink,created_at,updated_at
171,يومي,https://i.ytimg.com/vi/VsbK6aqeDjI/maxresdefault.jpg,https://www.youtube.com/watch?v=VsbK6aqeDjI,2024-10-04 10:02:44.779+00,2024-10-04 10:02:44.779+00
105,يوم علي البحر  مظاهر فصل الصيف للاطفال,https://i.ytimg.com/vi/aZaCWuC3knQ/maxresdefault.jpg,https://www.youtube.com/watch?v=aZaCWuC3knQ,2024-10-04 10:02:44.779+00,2024-10-04 10:02:44.779+00
405,يلا ننام (بدون إيقاع) - جنى مقداد  طيور الجنة,https://i.ytimg.com/vi/_sojEC3GXsE/maxresdefault.jpg,https://www.youtube.com/watch?v=_sojEC3GXsE,2024-10-04 10:02:44.779+00,2024-10-04 10:02:44.779+00
349,يلا نساعد ماما (بدون إيقاع) - طيور بيبي,https://i.ytimg.com/vi/PKmbnT0MDS0/maxresdefault.jpg,https://www.youtube.com/watch?v=PKmbnT0MDS0,2024-10-04 10:02:44.779+00,2024-10-04 10:02:44.779+00
175,يلا نساعد ماما,https://i.ytimg.com/vi/sWHj4y_SRec/maxresdefault.jpg,https://www.youtube.com/watch?v=sWHj4y_SRec,2024-10-04 10:02:44.779+00,2024-10-04 10:02:44.779+00
118,يلا بينا نشوف تعريف الكبارى والجسور مع #عائلة بساطا وبطاطا,https://i.ytimg.com/vi/77yZN6A1VMA/maxresdefault.jpg,https://www.youtube.com/watch?v=77yZN6A1VMA,2024-10-04 10:02:44.779+00,2024-10-04 10:02:44.779+00
149,يا قطتي,https://i.ytimg.com/vi/Nv6aOughw_8/maxresdefault.jpg,https://www.youtube.com/watch?v=Nv6aOughw_8,2024-10-04 10:02:44.779+00,2024-10-04 10:02:44.779+00
289,يا غنماتي ماء ماء + مجموعة اغاني أطفال,https://i.ytimg.com/vi/CH76bGzLBAw/maxresdefault.jpg,https://www.youtube.com/watch?v=CH76bGzLBAw,2024-10-04 10:02:44.779+00,2024-10-04 10:02:44.779+00
614,يا اطفال يا حلوين اشربوا الحليب - اغنية الحليب,https://i.ytimg.com/vi/Y8ke3aHLi9o/sddefault.jpg,https://www.youtube.com/watch?v=Y8ke3aHLi9o,2024-10-04 10:02:44.779+00,2024-10-04 10:02:44.779+00
418,ولا كان على بالي (بدون إيقاع)  طيور الجنة,https://i.ytimg.com/vi/I5yDU7P9Uaw/maxresdefault.jpg,https://www.youtube.com/watch?v=I5yDU7P9Uaw,2024-10-04 10:02:44.779+00,2024-10-04 10:02:44.779+00
103,وشنا  اجزاء وجه الانسان للاطفال,https://i.ytimg.com/vi/bSZ8FLfNVRI/maxresdefault.jpg,https://www.youtube.com/watch?v=bSZ8FLfNVRI,2024-10-04 10:02:44.779+00,2024-10-04 10:02:44.779+00
417,وردة بيضا  - ريماس العزاوي  (بدون إيقاع),https://i.ytimg.com/vi/LxPJ1L7Jb4s/maxresdefault.jpg,https://www.youtube.com/watch?v=LxPJ1L7Jb4s,2024-10-04 10:02:44.779+00,2024-10-04 10:02:44.779+00
389,هيلا يا رمانة (بدون إيقاع) - براء العويد  طيور الجنة,https://i.ytimg.com/vi/pXLliVef7sc/maxresdefault.jpg,https://www.youtube.com/watch?v=pXLliVef7sc,2024-10-04 10:02:44.779+00,2024-10-04 10:02:44.779+00
114,هنركب القطر  رحلة القطار توت توت,https://i.ytimg.com/vi/sWSUqmB-seU/maxresdefault.jpg,https://www.youtube.com/watch?v=sWSUqmB-seU,2024-10-04 10:02:44.779+00,2024-10-04 10:02:44.779+00
487,هم هم  فواكه  - أجمل أغاني  للاطفال  قناة طم طم,https://i.ytimg.com/vi/Z4oAyJi3iQs/maxresdefault.jpg,https://www.youtube.com/watch?v=Z4oAyJi3iQs,2024-10-04 10:02:44.779+00,2024-10-04 10:02:44.779+00
287,هالصيصان شو حلوين نسخة عراقية,https://i.ytimg.com/vi/bnl0aDdthpc/maxresdefault.jpg,https://www.youtube.com/watch?v=bnl0aDdthpc,2024-10-04 10:02:44.779+00,2024-10-04 10:02:44.779+00
211,هالصيصان شو حلوين جديدة,https://i.ytimg.com/vi/a0qTTsrOYhM/maxresdefault.jpg,https://www.youtube.com/watch?v=a0qTTsrOYhM,2024-10-04 10:02:44.779+00,2024-10-04 10:02:44.779+00
290,هالصيصان شو حلوين جديد,https://i.ytimg.com/vi/Wsth52y060s/maxresdefault.jpg,https://www.youtube.com/watch?v=Wsth52y060s,2024-10-04 10:02:44.779+00,2024-10-04 10:02:44.779+00
274,هالصيصان شو حلوين بيدرو حول أمن مبسوطين,https://i.ytimg.com/vi/O7ZU7DfPSrE/maxresdefault.jpg,https://www.youtube.com/watch?v=O7ZU7DfPSrE,2024-10-04 10:02:44.779+00,2024-10-04 10:02:44.779+00
251,هالصيصان شو حلوين  اغنية الصيصان الحلوين,https://i.ytimg.com/vi/BWiOa94slgI/sddefault.jpg,https://www.youtube.com/watch?v=BWiOa94slgI,2024-10-04 10:02:44.779+00,2024-10-04 10:02:44.779+00
209,هالصيصان شو حلوين  اغاني اطفال,https://i.ytimg.com/vi/Jn8b3OSHyxE/maxresdefault.jpg,https://www.youtube.com/watch?v=Jn8b3OSHyxE,2024-10-04 10:02:44.779+00,2024-10-04 10:02:44.779+00
270,هالصيصان شو حلوين - اغنية الصيصان النسخة العراقية,https://i.ytimg.com/vi/4NjS9NPzoH4/sddefault.jpg,https://www.youtube.com/watch?v=4NjS9NPzoH4,2024-10-04 10:02:44.779+00,2024-10-04 10:02:44.779+00
269,هالصيصان شو حلوين - اغنية الصيصان الحلوين,https://i.ytimg.com/vi/bpzwQB3ycV8/maxresdefault.jpg,https://www.youtube.com/watch?v=bpzwQB3ycV8,2024-10-04 10:02:44.779+00,2024-10-04 10:02:44.779+00
263,هالصيصان,https://i.ytimg.com/vi/5GAhxgLTdyg/maxresdefault.jpg,https://www.youtube.com/watch?v=5GAhxgLTdyg,2024-10-04 10:02:44.779+00,2024-10-04 10:02:44.779+00
364,"هالحرامي ""بدون إيقاع"" - الوليد مقداد  طيور الجنة",https://i.ytimg.com/vi/FDDKeNBj-8E/maxresdefault.jpg,https://www.youtube.com/watch?v=FDDKeNBj-8E,2024-10-04 10:02:44.779+00,2024-10-04 10:02:44.779+00
67,نونو يا نونو,https://i.ytimg.com/vi/fRKLCIZepMY/maxresdefault.jpg,https://www.youtube.com/watch?v=fRKLCIZepMY,2024-10-04 10:02:44.779+00,2024-10-04 10:02:44.779+00
140,نهاية ثعلب,https://i.ytimg.com/vi/lXke0OODwNQ/maxresdefault.jpg,https://www.youtube.com/watch?v=lXke0OODwNQ,2024-10-04 10:02:44.779+00,2024-10-04 10:02:44.779+00
426,نعيما (بدون إيقاع) - جنى مقداد  طيور الجنة,https://i.ytimg.com/vi/EoJZeZai424/maxresdefault.jpg,https://www.youtube.com/watch?v=EoJZeZai424,2024-10-04 10:02:44.779+00,2024-10-04 10:02:44.779+00
138,نشيد يا بطة يا سمينة,https://i.ytimg.com/vi/pajsUnYG7O8/hqdefault.jpg,https://www.youtube.com/watch?v=pajsUnYG7O8,2024-10-04 10:02:44.779+00,2024-10-04 10:02:44.779+00
420,نام بكير (بدون إيقاع) - جاد وإياد مقداد  طيور الجنة,https://i.ytimg.com/vi/sw99g4jaHT0/maxresdefault.jpg,https://www.youtube.com/watch?v=sw99g4jaHT0,2024-10-04 10:02:44.779+00,2024-10-04 10:02:44.779+00
386,من عيد لعيد - ديمة بشار (بدون إيقاع)  طيور الجنة,https://i.ytimg.com/vi/OsspSsFl2wM/maxresdefault.jpg,https://www.youtube.com/watch?v=OsspSsFl2wM,2024-10-04 10:02:44.779+00,2024-10-04 10:02:44.779+00
116,مع #عائلة بساطة و بطاطا هنتعرف على أنواع الفاكهة,https://i.ytimg.com/vi/Uv64Bn35Pow/maxresdefault.jpg,https://www.youtube.com/watch?v=Uv64Bn35Pow,2024-10-04 10:02:44.779+00,2024-10-04 10:02:44.779+00
380,مطبخ البيت (بدون إيقاع) - عصومي ووليد  طيور الجنة,https://i.ytimg.com/vi/VAhxkGzgX6I/maxresdefault.jpg,https://www.youtube.com/watch?v=VAhxkGzgX6I,2024-10-04 10:02:44.779+00,2024-10-04 10:02:44.779+00
432,مدينة (بدون إيقاع) - مراد شريف  طيور الجنة,https://i.ytimg.com/vi/nrEI_s17Fw4/maxresdefault.jpg,https://www.youtube.com/watch?v=nrEI_s17Fw4,2024-10-04 10:02:44.779+00,2024-10-04 10:02:44.779+00
369,مدرسة لين (بدون إيقاع)  طيور الجنة,https://i.ytimg.com/vi/kkWUARvWyAc/maxresdefault.jpg,https://www.youtube.com/watch?v=kkWUARvWyAc,2024-10-04 10:02:44.779+00,2024-10-04 10:02:44.779+00
115,مجموعة من أروع اغاني الأطفال التعليميه    بساطة وبطاطا,https://i.ytimg.com/vi/01lLmiRYk8I/maxresdefault.jpg,https://www.youtube.com/watch?v=01lLmiRYk8I,2024-10-04 10:02:44.779+00,2024-10-04 10:02:44.779+00
280,مجموعة اغاني اطفال هالصيصان والالوان وذهب الليل طلع الفجر والبقرة,https://i.ytimg.com/vi/OaFwlsX2kjA/maxresdefault.jpg,https://www.youtube.com/watch?v=OaFwlsX2kjA,2024-10-04 10:02:44.779+00,2024-10-04 10:02:44.779+00
275,مجموعة اغاني اطفال طويلة,https://i.ytimg.com/vi/J2CJCB98Gjo/maxresdefault.jpg,https://www.youtube.com/watch?v=J2CJCB98Gjo,2024-10-04 10:02:44.779+00,2024-10-04 10:02:44.779+00
277,مجموعة اغاني اطفال (هالصيصان والالوان وذهب الليل) اناشيد اطفال,https://i.ytimg.com/vi/sRZ2SIWBtVw/maxresdefault.jpg,https://www.youtube.com/watch?v=sRZ2SIWBtVw,2024-10-04 10:02:44.779+00,2024-10-04 10:02:44.779+00
202,مجموعة اغاني اطفال - هالصيصان شو حلوين والالوان وذهب الليل ويا غنماتي,https://i.ytimg.com/vi/PXDyAofTAR4/sddefault.jpg,https://www.youtube.com/watch?v=PXDyAofTAR4,2024-10-04 10:02:44.779+00,2024-10-04 10:02:44.779+00
286,مجموعة اغاني اطفال - اناشيد اطفال هالصيصان وذهب الليل طلع الفجر والمزيد,https://i.ytimg.com/vi/GPCjx0fF5IQ/maxresdefault.jpg,https://www.youtube.com/watch?v=GPCjx0fF5IQ,2024-10-04 10:02:44.779+00,2024-10-04 10:02:44.779+00
210,مجموعة اغاني اطفال - اناشيد اطفال هالصيصان وذهب الليل طلع الفجر,https://i.ytimg.com/vi/gO0ecd2d_WE/maxresdefault.jpg,https://www.youtube.com/watch?v=gO0ecd2d_WE,2024-10-04 10:02:44.779+00,2024-10-04 10:02:44.779+00
377,مايا (بدون إيقاع)  طيور الجنة,https://i.ytimg.com/vi/mMxtE8Lu4HE/maxresdefault.jpg,https://www.youtube.com/watch?v=mMxtE8Lu4HE,2024-10-04 10:02:44.779+00,2024-10-04 10:02:44.779+00
272,ماما زمانها جايه جايه بعد شويه هالصيصان شو حلوين الالوان و ذهب الليل طلع الفحر,https://i.ytimg.com/vi/tU6u86Fz7W4/maxresdefault.jpg,https://www.youtube.com/watch?v=tU6u86Fz7W4,2024-10-04 10:02:44.779+00,2024-10-04 10:02:44.779+00
71,ماما زمانها جاية   كتاكيت بيبي 2018,https://i.ytimg.com/vi/J_uV9RkXrls/maxresdefault.jpg,https://www.youtube.com/watch?v=J_uV9RkXrls,2024-10-04 10:02:44.779+00,2024-10-04 10:02:44.779+00
281,ماما زمانها جاية,https://i.ytimg.com/vi/UJOftOG7gw8/maxresdefault.jpg,https://www.youtube.com/watch?v=UJOftOG7gw8,2024-10-04 10:02:44.779+00,2024-10-04 10:02:44.779+00
148,ماما جابت بيبي  - جنى مقداد  طيور بيبي,https://i.ytimg.com/vi/Yx2Ioiwqn6o/maxresdefault.jpg,https://www.youtube.com/watch?v=Yx2Ioiwqn6o,2024-10-04 10:02:44.779+00,2024-10-04 10:02:44.779+00
77,ليلى والذئب (بدون إيقاع) - طيور بيبي,https://i.ytimg.com/vi/Hj_cvA6jMyw/maxresdefault.jpg,https://www.youtube.com/watch?v=Hj_cvA6jMyw,2024-10-04 10:02:44.779+00,2024-10-04 10:02:44.779+00
188,ليلى والذئب,https://i.ytimg.com/vi/kYu7Cz7F_yU/maxresdefault.jpg,https://www.youtube.com/watch?v=kYu7Cz7F_yU,2024-10-04 10:02:44.779+00,2024-10-04 10:02:44.779+00
387,"ليش بتسرق ""بدون إيقاع"" - الوليد مقداد  طيور الجنة",https://i.ytimg.com/vi/egOwStQAWpk/maxresdefault.jpg,https://www.youtube.com/watch?v=egOwStQAWpk,2024-10-04 10:02:44.779+00,2024-10-04 10:02:44.779+00
456,لعبة الدب الجائع واصطياد الأسماك I تعليم  تهجئة الكلمات وتركيبها,https://i.ytimg.com/vi/9-MDSUSwI0I/maxresdefault.jpg,https://www.youtube.com/watch?v=9-MDSUSwI0I,2024-10-04 10:02:44.779+00,2024-10-04 10:02:44.779+00
351,لبن - طيور بيبي,https://i.ytimg.com/vi/vU4QisFjh6g/maxresdefault.jpg,https://www.youtube.com/watch?v=vU4QisFjh6g,2024-10-04 10:02:44.779+00,2024-10-04 10:02:44.779+00
395,كيف بينزل المطر (بدون إيقاع) - جنى مقداد  طيور بيبي,https://i.ytimg.com/vi/RhWCR7VrR9M/maxresdefault.jpg,https://www.youtube.com/watch?v=RhWCR7VrR9M,2024-10-04 10:02:44.779+00,2024-10-04 10:02:44.779+00
425,كليب ما في سر - نجوم كراميش 2016 بدون ايقاع  قناة كراميش Karameesh Tv,https://i.ytimg.com/vi/CZluEm3ng48/maxresdefault.jpg,https://www.youtube.com/watch?v=CZluEm3ng48,2024-10-04 10:02:44.779+00,2024-10-04 10:02:44.779+00
217,كليب ذهب الليل طلع الفجر,https://i.ytimg.com/vi/fMNjIdEfSro/maxresdefault.jpg,https://www.youtube.com/watch?v=fMNjIdEfSro,2024-10-04 10:02:44.779+00,2024-10-04 10:02:44.779+00
430,كليب الغيوره بدون ايقاع - علي زكي  قناة كراميش,https://i.ytimg.com/vi/LF1H30JeX9g/maxresdefault.jpg,https://www.youtube.com/watch?v=LF1H30JeX9g,2024-10-04 10:02:44.779+00,2024-10-04 10:02:44.779+00
347,كليب الأرقام - numbers   قناة مرح - marah tv,https://i.ytimg.com/vi/o43ZteVMQHQ/maxresdefault.jpg,https://www.youtube.com/watch?v=o43ZteVMQHQ,2024-10-04 10:02:44.779+00,2024-10-04 10:02:44.779+00
97,كلنا أصحاب  الأختلاف بين الأطفال - لا للتنمر  بساطة وبطاطا,https://i.ytimg.com/vi/S9w9fwL7Hoc/maxresdefault.jpg,https://www.youtube.com/watch?v=S9w9fwL7Hoc,2024-10-04 10:02:44.779+00,2024-10-04 10:02:44.779+00
414,كلمة طيبة (بدون إيقاع) - طيف الزهراني  طيور الجنة,https://i.ytimg.com/vi/yahfRJpugKc/maxresdefault.jpg,https://www.youtube.com/watch?v=yahfRJpugKc,2024-10-04 10:02:44.779+00,2024-10-04 10:02:44.779+00
90,كلمة حلوة  آداب الحديث والحوار للاطفال,https://i.ytimg.com/vi/C-KpyyO8QUI/maxresdefault.jpg,https://www.youtube.com/watch?v=C-KpyyO8QUI,2024-10-04 10:02:44.779+00,2024-10-04 10:02:44.779+00
100,كلب وقطة وعصفورة  حيواني الأليف,https://i.ytimg.com/vi/iWXCRTkCQkQ/maxresdefault.jpg,https://www.youtube.com/watch?v=iWXCRTkCQkQ,2024-10-04 10:02:44.779+00,2024-10-04 10:02:44.779+00
467,قناة طم طم  أنشودة الحروف - الف ارنب يجري يلعب,https://i.ytimg.com/vi/ZnnPhPAWxg4/maxresdefault.jpg,https://www.youtube.com/watch?v=ZnnPhPAWxg4,2024-10-04 10:02:44.779+00,2024-10-04 10:02:44.779+00
466,قناة طم طم  أنشودة الأشكال للأطفال,https://i.ytimg.com/vi/yB6-C6sHSeA/maxresdefault.jpg,https://www.youtube.com/watch?v=yB6-C6sHSeA,2024-10-04 10:02:44.779+00,2024-10-04 10:02:44.779+00
472,قناة طم طم  أغنية قطتي الصغيرة واسمها نميرة,https://i.ytimg.com/vi/qem-_D4rHJY/maxresdefault.jpg,https://www.youtube.com/watch?v=qem-_D4rHJY,2024-10-04 10:02:44.779+00,2024-10-04 10:02:44.779+00
469,قناة طم طم  أغنية عصفوران على حبل الغسيل,https://i.ytimg.com/vi/1m-nqSowZCw/maxresdefault.jpg,https://www.youtube.com/watch?v=1m-nqSowZCw,2024-10-04 10:02:44.779+00,2024-10-04 10:02:44.779+00
468,قناة طم طم  أغنية الأرقام للأطفال عربي - انجليزي,https://i.ytimg.com/vi/oMgnx6yhs5k/maxresdefault.jpg,https://www.youtube.com/watch?v=oMgnx6yhs5k,2024-10-04 10:02:44.779+00,2024-10-04 10:02:44.779+00
427,قمرة (بدون إيقاع) - جنى مقداد,https://i.ytimg.com/vi/LkNvmEmxRh0/maxresdefault.jpg,https://www.youtube.com/watch?v=LkNvmEmxRh0,2024-10-04 10:02:44.779+00,2024-10-04 10:02:44.779+00
457,قطار الحروف العربية - ألف باء تاء - تعليم الأحرف العربية للصغار - Arabic letter TRAIN for kids,https://i.ytimg.com/vi/uk6t6onRXqk/maxresdefault.jpg,https://www.youtube.com/watch?v=uk6t6onRXqk,2024-10-04 10:02:44.779+00,2024-10-04 10:02:44.779+00
190,قد أفطرت وأنا صائم,https://i.ytimg.com/vi/skM0fbXnFmw/maxresdefault.jpg,https://www.youtube.com/watch?v=skM0fbXnFmw,2024-10-04 10:02:44.779+00,2024-10-04 10:02:44.779+00
102,قبل ما ننام   روتين ماقبل النوم للأطفال,https://i.ytimg.com/vi/P1lDkztTI40/maxresdefault.jpg,https://www.youtube.com/watch?v=P1lDkztTI40,2024-10-04 10:02:44.779+00,2024-10-04 10:02:44.779+00
399,قالوا صغيرة (بدون إيقاع) - لين الصعيدي  طيور الجنة,https://i.ytimg.com/vi/8D205bOG2hI/maxresdefault.jpg,https://www.youtube.com/watch?v=8D205bOG2hI,2024-10-04 10:02:44.779+00,2024-10-04 10:02:44.779+00
76,قال الأرنب لأمو   طيور الجنة الأرنب والثعلب,https://i.ytimg.com/vi/EIIp3Tpdgyc/hqdefault.jpg,https://www.youtube.com/watch?v=EIIp3Tpdgyc,2024-10-04 10:02:44.779+00,2024-10-04 10:02:44.779+00
503,في منزل أنثى الأرنب  دق دق الباب  بدون موسيقى,https://i.ytimg.com/vi/QPlhripZiUs/maxresdefault.jpg,https://www.youtube.com/watch?v=QPlhripZiUs,2024-10-04 10:02:44.779+00,2024-10-04 10:02:44.779+00
500,في منزل أنثى الأرنب  دق دق الباب - أغاني أطفال,https://i.ytimg.com/vi/oGk6N6XVAag/maxresdefault.jpg,https://www.youtube.com/watch?v=oGk6N6XVAag,2024-10-04 10:02:44.779+00,2024-10-04 10:02:44.779+00
124,فى البحر سمكة - ايمان البحر درويش,https://i.ytimg.com/vi/Jxre_3UjDgQ/hqdefault.jpg,https://www.youtube.com/watch?v=Jxre_3UjDgQ,2024-10-04 10:02:44.779+00,2024-10-04 10:02:44.779+00
370,فتحي يا وردة (بدون إيقاع) - ديمة بشار  طيور الجنة,https://i.ytimg.com/vi/f7W3tsxTGHA/maxresdefault.jpg,https://www.youtube.com/watch?v=f7W3tsxTGHA,2024-10-04 10:02:44.779+00,2024-10-04 10:02:44.779+00
429,غلطان (بدون إيقاع) - طيور بيبي,https://i.ytimg.com/vi/BBAHJRLbJvM/maxresdefault.jpg,https://www.youtube.com/watch?v=BBAHJRLbJvM,2024-10-04 10:02:44.779+00,2024-10-04 10:02:44.779+00
359,غلطان - طيور بيبي,https://i.ytimg.com/vi/2hAauaR7_0c/maxresdefault.jpg,https://www.youtube.com/watch?v=2hAauaR7_0c,2024-10-04 10:02:44.779+00,2024-10-04 10:02:44.779+00
141,غلطان,https://i.ytimg.com/vi/ANisCHiRd60/maxresdefault.jpg,https://www.youtube.com/watch?v=ANisCHiRd60,2024-10-04 10:02:44.779+00,2024-10-04 10:02:44.779+00
223,غسل وجك يا قمر,https://i.ytimg.com/vi/xjSKBUvBbCk/sddefault.jpg,https://www.youtube.com/watch?v=xjSKBUvBbCk,2024-10-04 10:02:44.779+00,2024-10-04 10:02:44.779+00
155,غرد يا عصفوري,https://i.ytimg.com/vi/3LjbHxnIKGM/maxresdefault.jpg,https://www.youtube.com/watch?v=3LjbHxnIKGM,2024-10-04 10:02:44.779+00,2024-10-04 10:02:44.779+00
390,عيوني تشتاقلو (بدون إيقاع) - محمد بشار  طيور الجنة,https://i.ytimg.com/vi/Kwy5MC1QAJM/maxresdefault.jpg,https://www.youtube.com/watch?v=Kwy5MC1QAJM,2024-10-04 10:02:44.779+00,2024-10-04 10:02:44.779+00
407,"عنت عالبال ""بدون إيقاع"" - محمد بشار  طيور الجنة",https://i.ytimg.com/vi/6BDMhpKeHt0/maxresdefault.jpg,https://www.youtube.com/watch?v=6BDMhpKeHt0,2024-10-04 10:02:44.779+00,2024-10-04 10:02:44.779+00
460,علموا أولادكم الأبجدية العربية الآن Learn Alif Ba Ta,https://i.ytimg.com/vi/zUhMqT8VjZk/maxresdefault.jpg,https://www.youtube.com/watch?v=zUhMqT8VjZk,2024-10-04 10:02:44.779+00,2024-10-04 10:02:44.779+00
383,"عصومي ضرب وليد  ""بدون إيقاع"" - عصومي ووليد  طيور الجنة",https://i.ytimg.com/vi/8KUDrMY7H6c/maxresdefault.jpg,https://www.youtube.com/watch?v=8KUDrMY7H6c,2024-10-04 10:02:44.779+00,2024-10-04 10:02:44.779+00
397,عسل (بدون إيقاع) - جنى مقداد  طيور الجنة,https://i.ytimg.com/vi/O1cumJPrtdw/maxresdefault.jpg,https://www.youtube.com/watch?v=O1cumJPrtdw,2024-10-04 10:02:44.779+00,2024-10-04 10:02:44.779+00
413,عزوز (بدون إيقاع) - طيور بيبي,https://i.ytimg.com/vi/qGWgy3zDpwQ/maxresdefault.jpg,https://www.youtube.com/watch?v=qGWgy3zDpwQ,2024-10-04 10:02:44.779+00,2024-10-04 10:02:44.779+00
178,عزوز,https://i.ytimg.com/vi/17hy7lBhDmE/maxresdefault.jpg,https://www.youtube.com/watch?v=17hy7lBhDmE,2024-10-04 10:02:44.779+00,2024-10-04 10:02:44.779+00
133,عبد المنعم مدبولى كاكى كاكى كا البطة اطة انتيكة كرتون,https://i.ytimg.com/vi/TQvq3XcBzgM/hqdefault.jpg,https://www.youtube.com/watch?v=TQvq3XcBzgM,2024-10-04 10:02:44.779+00,2024-10-04 10:02:44.779+00
137,عبد المنعم مدبولى  الشمس البرتقالى عليها ليا سنة,https://i.ytimg.com/vi/MqrY9jRFIEI/hqdefault.jpg,https://www.youtube.com/watch?v=MqrY9jRFIEI,2024-10-04 10:02:44.779+00,2024-10-04 10:02:44.779+00
416,عالروضة بنروح (بدون إيقاع) - جنى مقداد  طيور بيبي,https://i.ytimg.com/vi/HIRRY4LwG14/maxresdefault.jpg,https://www.youtube.com/watch?v=HIRRY4LwG14,2024-10-04 10:02:44.779+00,2024-10-04 10:02:44.779+00
428,طلوا الحبايب (بدون إيقاع) - جنى مقداد,https://i.ytimg.com/vi/rT-FAkI2C8g/maxresdefault.jpg,https://www.youtube.com/watch?v=rT-FAkI2C8g,2024-10-04 10:02:44.779+00,2024-10-04 10:02:44.779+00
361,صيّاد السمك - طيور بيبي,https://i.ytimg.com/vi/5hf2uLQF61c/maxresdefault.jpg,https://www.youtube.com/watch?v=5hf2uLQF61c,2024-10-04 10:02:44.779+00,2024-10-04 10:02:44.779+00
421,"صور - محمد بشار""بدون إيقاع""  طيور الجنة",https://i.ytimg.com/vi/67Vl25c9Pz8/maxresdefault.jpg,https://www.youtube.com/watch?v=67Vl25c9Pz8,2024-10-04 10:02:44.779+00,2024-10-04 10:02:44.779+00
392,"صدى صوتك ""بدون إيقاع""  طيور الجنة",https://i.ytimg.com/vi/v15mgw93oE0/maxresdefault.jpg,https://www.youtube.com/watch?v=v15mgw93oE0,2024-10-04 10:02:44.779+00,2024-10-04 10:02:44.779+00
422,صحة صحة (بدون إيقاع) - براء العويد  طيور الجنة,https://i.ytimg.com/vi/gnENU9rjHjQ/maxresdefault.jpg,https://www.youtube.com/watch?v=gnENU9rjHjQ,2024-10-04 10:02:44.779+00,2024-10-04 10:02:44.779+00
408,شوفوا عصومي (بدون إيقاع) - المعتصم بالله مقداد,https://i.ytimg.com/vi/ait2t8xw2Lg/maxresdefault.jpg,https://www.youtube.com/watch?v=ait2t8xw2Lg,2024-10-04 10:02:44.779+00,2024-10-04 10:02:44.779+00
165,شموسة,https://i.ytimg.com/vi/89iqs3CKFbs/maxresdefault.jpg,https://www.youtube.com/watch?v=89iqs3CKFbs,2024-10-04 10:02:44.779+00,2024-10-04 10:02:44.779+00
409,سيارتنا الأمورة (بدون إيقاع) - المقاديد  طيور الجنة,https://i.ytimg.com/vi/M8xZ4pZIHoE/maxresdefault.jpg,https://www.youtube.com/watch?v=M8xZ4pZIHoE,2024-10-04 10:02:44.779+00,2024-10-04 10:02:44.779+00
68,سوسة كف عروسة,https://i.ytimg.com/vi/_6X2Nq-9Uo8/maxresdefault.jpg,https://www.youtube.com/watch?v=_6X2Nq-9Uo8,2024-10-04 10:02:44.779+00,2024-10-04 10:02:44.779+00
83,سنجوبة,https://i.ytimg.com/vi/5R-7_4mETC0/maxresdefault.jpg,https://www.youtube.com/watch?v=5R-7_4mETC0,2024-10-04 10:02:44.779+00,2024-10-04 10:02:44.779+00
170,سمِّ الله,https://i.ytimg.com/vi/TXsLHiNEVAc/maxresdefault.jpg,https://www.youtube.com/watch?v=TXsLHiNEVAc,2024-10-04 10:02:44.779+00,2024-10-04 10:02:44.779+00
384,رن الجرس (بدون إيقاع) - لين الصعيدي  طيور الجنة,https://i.ytimg.com/vi/ZIID1bBy8ZU/maxresdefault.jpg,https://www.youtube.com/watch?v=ZIID1bBy8ZU,2024-10-04 10:02:44.779+00,2024-10-04 10:02:44.779+00
398,رح خبر هالضيعة (بدون إيقاع) - مؤمن الجناني,https://i.ytimg.com/vi/xXwDIX6zqhE/maxresdefault.jpg,https://www.youtube.com/watch?v=xXwDIX6zqhE,2024-10-04 10:02:44.779+00,2024-10-04 10:02:44.779+00
273,ذهب الليل طلع الفجر والعصفور صوصو شاف القطة قالها بسبس قالتلو نونو,https://i.ytimg.com/vi/v9BCbgMpl7Q/maxresdefault.jpg,https://www.youtube.com/watch?v=v9BCbgMpl7Q,2024-10-04 10:02:44.779+00,2024-10-04 10:02:44.779+00
231,ذهب الليل طلع الفجر والعصفور صوصو الجديدة,https://i.ytimg.com/vi/JXdYErPfEUw/maxresdefault.jpg,https://www.youtube.com/watch?v=JXdYErPfEUw,2024-10-04 10:02:44.779+00,2024-10-04 10:02:44.779+00
215,ذهب الليل طلع الفجر والعصفور صوصو  اغاني اطفال,https://i.ytimg.com/vi/QWd8nDabcPo/maxresdefault.jpg,https://www.youtube.com/watch?v=QWd8nDabcPo,2024-10-04 10:02:44.779+00,2024-10-04 10:02:44.779+00
220,ذهب الليل طلع الفجر والعصفور صو صو شاف القطة قالها بسبس قالتلو نو نو - هالصيصان شو حلوين - الفواكه,https://i.ytimg.com/vi/t05FW-PKoOY/maxresdefault.jpg,https://www.youtube.com/watch?v=t05FW-PKoOY,2024-10-04 10:02:44.779+00,2024-10-04 10:02:44.779+00
268,ذهب الليل طلع الفجر والعصفور صو صو - اغاني اطفال,https://i.ytimg.com/vi/ft1lQeYJqUM/maxresdefault.jpg,https://www.youtube.com/watch?v=ft1lQeYJqUM,2024-10-04 10:02:44.779+00,2024-10-04 10:02:44.779+00
278,ذهب الليل طلع الفجر الجديدة,https://i.ytimg.com/vi/I8DMX0LvlRw/maxresdefault.jpg,https://www.youtube.com/watch?v=I8DMX0LvlRw,2024-10-04 10:02:44.779+00,2024-10-04 10:02:44.779+00
66,ذهب الليل طلع الفجر  كتاكيت بيبي 2018,https://i.ytimg.com/vi/fRSqk4nlZds/maxresdefault.jpg,https://www.youtube.com/watch?v=fRSqk4nlZds,2024-10-04 10:02:44.779+00,2024-10-04 10:02:44.779+00
125,ذهب الليل طلع الفجر - كليب الأطفال  Luna TV - قناة لونا,https://i.ytimg.com/vi/uSBOPAFw2yk/maxresdefault.jpg,https://www.youtube.com/watch?v=uSBOPAFw2yk,2024-10-04 10:02:44.779+00,2024-10-04 10:02:44.779+00
538,ذهب الليل طلع الفجر - انشودة ذهب الليل طلع الفجر,https://i.ytimg.com/vi/V_t0vktuCDk/maxresdefault.jpg,https://www.youtube.com/watch?v=V_t0vktuCDk,2024-10-04 10:02:44.779+00,2024-10-04 10:02:44.779+00
208,ذهب الليل طلع الفجر,https://i.ytimg.com/vi/AMfqJ9wmRxc/maxresdefault.jpg,https://www.youtube.com/watch?v=AMfqJ9wmRxc,2024-10-04 10:02:44.779+00,2024-10-04 10:02:44.779+00
403,ديمة الأولى (بدون إيقاع) - ديمة بشار  طيور الجنة,https://i.ytimg.com/vi/XyjL5zFpMdw/maxresdefault.jpg,https://www.youtube.com/watch?v=XyjL5zFpMdw,2024-10-04 10:02:44.779+00,2024-10-04 10:02:44.779+00
147,ديكي,https://i.ytimg.com/vi/SZzUA9FNEZU/maxresdefault.jpg,https://www.youtube.com/watch?v=SZzUA9FNEZU,2024-10-04 10:02:44.779+00,2024-10-04 10:02:44.779+00
438,دنيا روزي  حلقات كاملة  براعم  أسطورة الباندا الحمراء  Stories for children in Arabic,https://i.ytimg.com/vi/PFSFbehli60/maxresdefault.jpg,https://www.youtube.com/watch?v=PFSFbehli60,2024-10-04 10:02:44.779+00,2024-10-04 10:02:44.779+00
546,دق دق الباب - في منزل انثى السنجاب  ثعلوب المكار   Dany Tv,https://i.ytimg.com/vi/HIBZV-zrpVI/sddefault.jpg,https://www.youtube.com/watch?v=HIBZV-zrpVI,2024-10-04 10:02:44.779+00,2024-10-04 10:02:44.779+00
535,دق دق الباب - في منزل انثى السنجاب  ثعلوب المكار  - DanyTv,https://i.ytimg.com/vi/laNSFP0ODwo/sddefault.jpg,https://www.youtube.com/watch?v=laNSFP0ODwo,2024-10-04 10:02:44.779+00,2024-10-04 10:02:44.779+00
581,دق دق الباب - في منزل انثى السنجاب  ثعلوب المكار,https://i.ytimg.com/vi/FtBaEdOYMss/sddefault.jpg,https://www.youtube.com/watch?v=FtBaEdOYMss,2024-10-04 10:02:44.779+00,2024-10-04 10:02:44.779+00
509,دق الباب الحروف 3  - أغاني أطفال,https://i.ytimg.com/vi/4EKfbB3Q794/maxresdefault.jpg,https://www.youtube.com/watch?v=4EKfbB3Q794,2024-10-04 10:02:44.779+00,2024-10-04 10:02:44.779+00
508,دق الباب الحروف 2 - أغاني أطفال,https://i.ytimg.com/vi/sEq-K2s9IZU/maxresdefault.jpg,https://www.youtube.com/watch?v=sEq-K2s9IZU,2024-10-04 10:02:44.779+00,2024-10-04 10:02:44.779+00
506,دق الباب الحروف 1 - أغاني أطفال,https://i.ytimg.com/vi/7iRTXkvDr5s/maxresdefault.jpg,https://www.youtube.com/watch?v=7iRTXkvDr5s,2024-10-04 10:02:44.779+00,2024-10-04 10:02:44.779+00
180,دجاجتي الكبيرة,https://i.ytimg.com/vi/GAqTAV_97Mw/maxresdefault.jpg,https://www.youtube.com/watch?v=GAqTAV_97Mw,2024-10-04 10:02:44.779+00,2024-10-04 10:02:44.779+00
64,دبدوبة التخينة  كتاكيت بيبي,https://i.ytimg.com/vi/hFxnZSLi07g/maxresdefault.jpg,https://www.youtube.com/watch?v=hFxnZSLi07g,2024-10-04 10:02:44.779+00,2024-10-04 10:02:44.779+00
382,"دادا ""بدون إيقاع"" - جنى مقداد  قناة بيبي الفضائية",https://i.ytimg.com/vi/doQrmYT6z5o/maxresdefault.jpg,https://www.youtube.com/watch?v=doQrmYT6z5o,2024-10-04 10:02:44.779+00,2024-10-04 10:02:44.779+00
107,دا بيتنا كلنا  مسؤلية الأطفال  في التنظيف,https://i.ytimg.com/vi/0uWuagPKObo/maxresdefault.jpg,https://www.youtube.com/watch?v=0uWuagPKObo,2024-10-04 10:02:44.779+00,2024-10-04 10:02:44.779+00
378,حميدو العاق (بدون إيقاع) - طيور بيبي,https://i.ytimg.com/vi/wc_S-mlE9qE/maxresdefault.jpg,https://www.youtube.com/watch?v=wc_S-mlE9qE,2024-10-04 10:02:44.779+00,2024-10-04 10:02:44.779+00
355,حميدو العاق - طيور بيبي,https://i.ytimg.com/vi/MdCRzS-1pX0/maxresdefault.jpg,https://www.youtube.com/watch?v=MdCRzS-1pX0,2024-10-04 10:02:44.779+00,2024-10-04 10:02:44.779+00
185,حميدو العاق,https://i.ytimg.com/vi/TMK6vZSn1no/maxresdefault.jpg,https://www.youtube.com/watch?v=TMK6vZSn1no,2024-10-04 10:02:44.779+00,2024-10-04 10:02:44.779+00
162,حميدو,https://i.ytimg.com/vi/rHqdEe5w2IE/maxresdefault.jpg,https://www.youtube.com/watch?v=rHqdEe5w2IE,2024-10-04 10:02:44.779+00,2024-10-04 10:02:44.779+00
394,حلوين ويا محلاهم (بدون إيقاع) - جنى مقداد,https://i.ytimg.com/vi/X-91l-u5o68/maxresdefault.jpg,https://www.youtube.com/watch?v=X-91l-u5o68,2024-10-04 10:02:44.779+00,2024-10-04 10:02:44.779+00
101,حلم كبير  أغنية المهن للاطفال,https://i.ytimg.com/vi/Zx6Nf_I3jyU/maxresdefault.jpg,https://www.youtube.com/watch?v=Zx6Nf_I3jyU,2024-10-04 10:02:44.779+00,2024-10-04 10:02:44.779+00
127,حلا الترك و مشاعل بنيتي الحبوبة  Hala Alturk & Mashael - Bnayty ElHabooba,https://i.ytimg.com/vi/qn3ITODjLiw/maxresdefault.jpg,https://www.youtube.com/watch?v=qn3ITODjLiw,2024-10-04 10:02:44.779+00,2024-10-04 10:02:44.779+00
126,حلا الترك - بابا نزل معاشه   Hala Al Turk - Baba Nezel Ma'asheh,https://i.ytimg.com/vi/TnV5H5MD_74/maxresdefault.jpg,https://www.youtube.com/watch?v=TnV5H5MD_74,2024-10-04 10:02:44.779+00,2024-10-04 10:02:44.779+00
400,"حكايات ""بدون إيقاع"" - لين الصعيدي  طيور الجنة",https://i.ytimg.com/vi/3fOLEfCorzE/maxresdefault.jpg,https://www.youtube.com/watch?v=3fOLEfCorzE,2024-10-04 10:02:44.779+00,2024-10-04 10:02:44.779+00
104,حاسيين بايه  المشاعر الشخصية للأطفال,https://i.ytimg.com/vi/8xwhhOe9uM4/maxresdefault.jpg,https://www.youtube.com/watch?v=8xwhhOe9uM4,2024-10-04 10:02:44.779+00,2024-10-04 10:02:44.779+00
85,حاجة واحدة صغيرة  طرق المحافظة على البيئة للأطفال,https://i.ytimg.com/vi/7WGxxXVVmvM/maxresdefault.jpg,https://www.youtube.com/watch?v=7WGxxXVVmvM,2024-10-04 10:02:44.779+00,2024-10-04 10:02:44.779+00
365,جننتوني (بدون إيقاع) - جنى مقداد  طيور الجنة,https://i.ytimg.com/vi/LFaczxSQiEs/hqdefault.jpg,https://www.youtube.com/watch?v=LFaczxSQiEs,2024-10-04 10:02:44.779+00,2024-10-04 10:02:44.779+00
362,جننتوني - جنى مقداد  طيور الجنة,https://i.ytimg.com/vi/XyMBV6vaUZo/maxresdefault.jpg,https://www.youtube.com/watch?v=XyMBV6vaUZo,2024-10-04 10:02:44.779+00,2024-10-04 10:02:44.779+00
381,جدو وتيتا (بدون إيقاع) - جنى مقداد  طيور الجنة,https://i.ytimg.com/vi/hn1Qaher8Ao/maxresdefault.jpg,https://www.youtube.com/watch?v=hn1Qaher8Ao,2024-10-04 10:02:44.779+00,2024-10-04 10:02:44.779+00
123,جدو علي عنده حمار  قناة طفولة  Geddo Ali,https://i.ytimg.com/vi/hCbzZaAJv2w/maxresdefault.jpg,https://www.youtube.com/watch?v=hCbzZaAJv2w,2024-10-04 10:02:44.779+00,2024-10-04 10:02:44.779+00
73,جدو علي عنده حمار   كتاكيت بيبي 2018,https://i.ytimg.com/vi/Z72PDNyxS4g/maxresdefault.jpg,https://www.youtube.com/watch?v=Z72PDNyxS4g,2024-10-04 10:02:44.779+00,2024-10-04 10:02:44.779+00
122,جدو على عنده حمار _ اغنية للأطفال,https://i.ytimg.com/vi/_CFRzAIowXI/hqdefault.jpg,https://www.youtube.com/watch?v=_CFRzAIowXI,2024-10-04 10:02:44.779+00,2024-10-04 10:02:44.779+00
433,ثياب المدرسة - جاد وإياد مقداد  طيور الجنة,https://i.ytimg.com/vi/YBNswKtVXQA/maxresdefault.jpg,https://www.youtube.com/watch?v=YBNswKtVXQA,2024-10-04 10:02:44.779+00,2024-10-04 10:02:44.779+00
474,توت توت  1  نسخة جديدة     أغاني أطفال - قناة طم طم,https://i.ytimg.com/vi/ojwuehF_x7c/maxresdefault.jpg,https://www.youtube.com/watch?v=ojwuehF_x7c,2024-10-04 10:02:44.779+00,2024-10-04 10:02:44.779+00
69,توت توت,https://i.ytimg.com/vi/6sZJdsEGH8c/maxresdefault.jpg,https://www.youtube.com/watch?v=6sZJdsEGH8c,2024-10-04 10:02:44.779+00,2024-10-04 10:02:44.779+00
452,تعليم أسماء الفواكه وفوائدها للأطفال على قناة لولو الحلوه,https://i.ytimg.com/vi/HvM6HbgPelc/maxresdefault.jpg,https://www.youtube.com/watch?v=HvM6HbgPelc,2024-10-04 10:02:44.779+00,2024-10-04 10:02:44.779+00
445,تعليم اللغة العربية للاطفال - تعليم الاطفال النطق,https://i.ytimg.com/vi/YUuFMd4-a80/maxresdefault.jpg,https://www.youtube.com/watch?v=YUuFMd4-a80,2024-10-04 10:02:44.779+00,2024-10-04 10:02:44.779+00
447,تعليم الصلاة للأطفال مع سارة How to pray ( for children),https://i.ytimg.com/vi/2PQGtbwm5s0/maxresdefault.jpg,https://www.youtube.com/watch?v=2PQGtbwm5s0,2024-10-04 10:02:44.779+00,2024-10-04 10:02:44.779+00
455,تعليم الحواس الخمسة باللغة العربية . The Five Senses in Arabic,https://i.ytimg.com/vi/Z6EePOupLXg/maxresdefault.jpg,https://www.youtube.com/watch?v=Z6EePOupLXg,2024-10-04 10:02:44.779+00,2024-10-04 10:02:44.779+00
94,تعليم الأرقام مع حيوانات المزرعة  من واحد لعشرة,https://i.ytimg.com/vi/glc4PxLMRiw/maxresdefault.jpg,https://www.youtube.com/watch?v=glc4PxLMRiw,2024-10-04 10:02:44.779+00,2024-10-04 10:02:44.779+00
449,تعليم الاطفال l تعلم أسماء الحيوانات والطيور مع أصواتها   animal train  &  birds  learn animals,https://i.ytimg.com/vi/SdbK_nIaIfA/maxresdefault.jpg,https://www.youtube.com/watch?v=SdbK_nIaIfA,2024-10-04 10:02:44.779+00,2024-10-04 10:02:44.779+00
459,تعلم الفواكه للاطفال  Learn Fruits in Arabic  تعلم الفواكه  تعليم,https://i.ytimg.com/vi/9sH_mFOEuRE/hqdefault.jpg,https://www.youtube.com/watch?v=9sH_mFOEuRE,2024-10-04 10:02:44.779+00,2024-10-04 10:02:44.779+00
117,تعالوا نتعرف علي الأنشطة اللي بيعملوها هنا و هادى فى المدرسة,https://i.ytimg.com/vi/IMb55L6ZF2Q/maxresdefault.jpg,https://www.youtube.com/watch?v=IMb55L6ZF2Q,2024-10-04 10:02:44.779+00,2024-10-04 10:02:44.779+00
93,تحت وفوق  تعليم الاتجاهات للاطفال و الكلمات وعكسها,https://i.ytimg.com/vi/8OnBkETT8iY/sddefault.jpg,https://www.youtube.com/watch?v=8OnBkETT8iY,2024-10-04 10:02:44.779+00,2024-10-04 10:02:44.779+00
454,بوب قطار الألوان ركوب  لون للأطفال  تعلم الألوان  Bob the Train  3D Color  Bob Train Color Ride,https://i.ytimg.com/vi/DaKWOKUmoJU/maxresdefault.jpg,https://www.youtube.com/watch?v=DaKWOKUmoJU,2024-10-04 10:02:44.779+00,2024-10-04 10:02:44.779+00
388,بنحييه (بدون إيقاع)  طيور الجنة,https://i.ytimg.com/vi/80Go8DGeqI0/maxresdefault.jpg,https://www.youtube.com/watch?v=80Go8DGeqI0,2024-10-04 10:02:44.779+00,2024-10-04 10:02:44.779+00
96,بنحب نساعد بعضنا  مساعدة الآخرين للأطفال (2022),https://i.ytimg.com/vi/k1E1fOiR4yg/maxresdefault.jpg,https://www.youtube.com/watch?v=k1E1fOiR4yg,2024-10-04 10:02:44.779+00,2024-10-04 10:02:44.779+00
87,بنحب الخضار  تعليم الخضروات باللهجة المصرية,https://i.ytimg.com/vi/9mlU-bsIG6k/maxresdefault.jpg,https://www.youtube.com/watch?v=9mlU-bsIG6k,2024-10-04 10:02:44.779+00,2024-10-04 10:02:44.779+00
160,بطة,https://i.ytimg.com/vi/-cZ_t5RjgQY/maxresdefault.jpg,https://www.youtube.com/watch?v=-cZ_t5RjgQY,2024-10-04 10:02:44.779+00,2024-10-04 10:02:44.779+00
110,بحب مدرستي  اغاني اطفال العودة للمدرسة,https://i.ytimg.com/vi/dER9sRakEFc/maxresdefault.jpg,https://www.youtube.com/watch?v=dER9sRakEFc,2024-10-04 10:02:44.779+00,2024-10-04 10:02:44.779+00
411,ببرونة (بدون إيقاع) - جنى مقداد  طيور الجنة,https://i.ytimg.com/vi/3T9bAUtxi8w/maxresdefault.jpg,https://www.youtube.com/watch?v=3T9bAUtxi8w,2024-10-04 10:02:44.779+00,2024-10-04 10:02:44.779+00
108,بابا وماما  اغاني للام والاب معا,https://i.ytimg.com/vi/eCRANTAakc0/maxresdefault.jpg,https://www.youtube.com/watch?v=eCRANTAakc0,2024-10-04 10:02:44.779+00,2024-10-04 10:02:44.779+00
360,أيام الأسبوع - طيور بيبي,https://i.ytimg.com/vi/p4PgArjCZnA/maxresdefault.jpg,https://www.youtube.com/watch?v=p4PgArjCZnA,2024-10-04 10:02:44.779+00,2024-10-04 10:02:44.779+00
182,أيّام الأسبوع,https://i.ytimg.com/vi/5IODFxf0CWo/maxresdefault.jpg,https://www.youtube.com/watch?v=5IODFxf0CWo,2024-10-04 10:02:44.779+00,2024-10-04 10:02:44.779+00
183,أهلا يا هالعيد,https://i.ytimg.com/vi/tF2LN0iUNaE/maxresdefault.jpg,https://www.youtube.com/watch?v=tF2LN0iUNaE,2024-10-04 10:02:44.779+00,2024-10-04 10:02:44.779+00
512,أنشودة في الملعب  -  قناة طم طم للأطفال,https://i.ytimg.com/vi/tc1AA44x7Z8/maxresdefault.jpg,https://www.youtube.com/watch?v=tc1AA44x7Z8,2024-10-04 10:02:44.779+00,2024-10-04 10:02:44.779+00
501,أنشودة خمس بيضات جميلات -  أغاني أطفال,https://i.ytimg.com/vi/pEKVfyzZ0mw/maxresdefault.jpg,https://www.youtube.com/watch?v=pEKVfyzZ0mw,2024-10-04 10:02:44.779+00,2024-10-04 10:02:44.779+00
491,أنشودة حفلة الحروف العربية   قناة طم طم للأطفال,https://i.ytimg.com/vi/8NWmA0tvL9M/maxresdefault.jpg,https://www.youtube.com/watch?v=8NWmA0tvL9M,2024-10-04 10:02:44.779+00,2024-10-04 10:02:44.779+00
511,أنشودة حركات الحروف العربية 2 -  قناة طم طم للأطفال,https://i.ytimg.com/vi/W7Nzkb0YYGQ/maxresdefault.jpg,https://www.youtube.com/watch?v=W7Nzkb0YYGQ,2024-10-04 10:02:44.779+00,2024-10-04 10:02:44.779+00
510,أنشودة حركات الحروف العربية 1 -  قناة طم طم للأطفال,https://i.ytimg.com/vi/07J5iNy835c/maxresdefault.jpg,https://www.youtube.com/watch?v=07J5iNy835c,2024-10-04 10:02:44.779+00,2024-10-04 10:02:44.779+00
489,أنشودة أصوات الحيوانات للأطقال -  قناة طم طم,https://i.ytimg.com/vi/jlV-ZTPWKpg/maxresdefault.jpg,https://www.youtube.com/watch?v=jlV-ZTPWKpg,2024-10-04 10:02:44.779+00,2024-10-04 10:02:44.779+00
465,أنشودة الفواكه عربي - انجليزي - Fruit song in Arabic and English,https://i.ytimg.com/vi/gSIbLDrsAqE/maxresdefault.jpg,https://www.youtube.com/watch?v=gSIbLDrsAqE,2024-10-04 10:02:44.779+00,2024-10-04 10:02:44.779+00
464,أنشودة الخضروات عربي - انجليزي - vegetables song in Arabic and English,https://i.ytimg.com/vi/ofvzkGBNu2Y/maxresdefault.jpg,https://www.youtube.com/watch?v=ofvzkGBNu2Y,2024-10-04 10:02:44.779+00,2024-10-04 10:02:44.779+00
342,أنشودة الخضروات - vegetables song in arabic,https://i.ytimg.com/vi/Pf1Y0JtfMPU/maxresdefault.jpg,https://www.youtube.com/watch?v=Pf1Y0JtfMPU,2024-10-04 10:02:44.779+00,2024-10-04 10:02:44.779+00
492,أنشودة الحيوانات الأليفة  للأطفال عربي - انجليزي    قناة طم طم,https://i.ytimg.com/vi/SWHPN_7aQm4/maxresdefault.jpg,https://www.youtube.com/watch?v=SWHPN_7aQm4,2024-10-04 10:02:44.779+00,2024-10-04 10:02:44.779+00
497,أنشودة الحروف نسخة 2 - ألف أرنب يجري يلعب - Arabic Alphabet song,https://i.ytimg.com/vi/2Au1BxQLPVE/maxresdefault.jpg,https://www.youtube.com/watch?v=2Au1BxQLPVE,2024-10-04 10:02:44.779+00,2024-10-04 10:02:44.779+00
450,أنشودة الحروف الهجائية العربية للأطفال 11  مع صور الحيوانات المتحركة  arabic alphabet song,https://i.ytimg.com/vi/9P3CEfStCr8/maxresdefault.jpg,https://www.youtube.com/watch?v=9P3CEfStCr8,2024-10-04 10:02:44.779+00,2024-10-04 10:02:44.779+00
488,أنشودة الحروف العربية للأطفال - قناة طم طم,https://i.ytimg.com/vi/hgwFHyOcwys/maxresdefault.jpg,https://www.youtube.com/watch?v=hgwFHyOcwys,2024-10-04 10:02:44.779+00,2024-10-04 10:02:44.779+00
368,أنشودة الحروف (بدون إيقاع) - طيور بيبي,https://i.ytimg.com/vi/AElUZfDGqjk/maxresdefault.jpg,https://www.youtube.com/watch?v=AElUZfDGqjk,2024-10-04 10:02:44.779+00,2024-10-04 10:02:44.779+00
338,أنشودة الحروف - طيور بيبي,https://i.ytimg.com/vi/nIQ0aF9WPuc/maxresdefault.jpg,https://www.youtube.com/watch?v=nIQ0aF9WPuc,2024-10-04 10:02:44.779+00,2024-10-04 10:02:44.779+00
189,أنشودة الاعداد,https://i.ytimg.com/vi/F6IU1TCiRzU/maxresdefault.jpg,https://www.youtube.com/watch?v=F6IU1TCiRzU,2024-10-04 10:02:44.779+00,2024-10-04 10:02:44.779+00
478,أنشودة  حيوانات الغابة عربي - انجليزي  أناشيد وأغاني أطفال باللغة العربية,https://i.ytimg.com/vi/Q7XPL7EISdc/maxresdefault.jpg,https://www.youtube.com/watch?v=Q7XPL7EISdc,2024-10-04 10:02:44.779+00,2024-10-04 10:02:44.779+00
415,"أناني ""بدون إيقاع"" - عصومي ووليد  طيور الجنة",https://i.ytimg.com/vi/hYnohWO3AKs/maxresdefault.jpg,https://www.youtube.com/watch?v=hYnohWO3AKs,2024-10-04 10:02:44.779+00,2024-10-04 10:02:44.779+00
74,أنا الفرخة واحنا الكتاكيت + يا أصحابي وصحباتي  كتاكيت بيبي 2018,https://i.ytimg.com/vi/4iRzXGu6tFA/maxresdefault.jpg,https://www.youtube.com/watch?v=4iRzXGu6tFA,2024-10-04 10:02:44.779+00,2024-10-04 10:02:44.779+00
424,أنا Small (بدون إيقاع) - طيور بيبي,https://i.ytimg.com/vi/xnnSL-rvOrk/maxresdefault.jpg,https://www.youtube.com/watch?v=xnnSL-rvOrk,2024-10-04 10:02:44.779+00,2024-10-04 10:02:44.779+00
374,أمي تكرم عينها (بدون إيقاع) - زينب المكحل  طيور الجنة,https://i.ytimg.com/vi/bptj_Ncz6SY/maxresdefault.jpg,https://www.youtube.com/watch?v=bptj_Ncz6SY,2024-10-04 10:02:44.779+00,2024-10-04 10:02:44.779+00
139,أم جميل والشهر الفضيل,https://i.ytimg.com/vi/cFjhQK0DVQc/maxresdefault.jpg,https://www.youtube.com/watch?v=cFjhQK0DVQc,2024-10-04 10:02:44.779+00,2024-10-04 10:02:44.779+00
356,ألوان - طيور بيبي,https://i.ytimg.com/vi/AdQCja4MBcY/maxresdefault.jpg,https://www.youtube.com/watch?v=AdQCja4MBcY,2024-10-04 10:02:44.779+00,2024-10-04 10:02:44.779+00
177,ألوان,https://i.ytimg.com/vi/ZbIty-R_WnM/maxresdefault.jpg,https://www.youtube.com/watch?v=ZbIty-R_WnM,2024-10-04 10:02:44.779+00,2024-10-04 10:02:44.779+00
448,ألف باء تاء - تعليم الأحرف العربية للصغار  Learning arabic letters for kids,https://i.ytimg.com/vi/o5R0y6XK-mg/maxresdefault.jpg,https://www.youtube.com/watch?v=o5R0y6XK-mg,2024-10-04 10:02:44.779+00,2024-10-04 10:02:44.779+00
81,ألعابك - زين ويارا  طيور بيبي,https://i.ytimg.com/vi/66M6XEJzuFw/maxresdefault.jpg,https://www.youtube.com/watch?v=66M6XEJzuFw,2024-10-04 10:02:44.779+00,2024-10-04 10:02:44.779+00
316,أغنية يلا هاتو الصينية,https://i.ytimg.com/vi/43Aq-4ktx0o/maxresdefault.jpg,https://www.youtube.com/watch?v=43Aq-4ktx0o,2024-10-04 10:02:44.779+00,2024-10-04 10:02:44.779+00
60,أغنية ياخواتي بحبّها  Luna TV - قناة لونا,https://i.ytimg.com/vi/jvAWBvpsIJ0/maxresdefault.jpg,https://www.youtube.com/watch?v=jvAWBvpsIJ0,2024-10-04 10:02:44.779+00,2024-10-04 10:02:44.779+00
299,أغنية يا غنماتي ماء ماء,https://i.ytimg.com/vi/E0H8fz7v9AE/maxresdefault.jpg,https://www.youtube.com/watch?v=E0H8fz7v9AE,2024-10-04 10:02:44.779+00,2024-10-04 10:02:44.779+00
495,أغنية يا غنماتي  - أغاني أطفال   قناة طم طم,https://i.ytimg.com/vi/WpGjbWh8xHU/maxresdefault.jpg,https://www.youtube.com/watch?v=WpGjbWh8xHU,2024-10-04 10:02:44.779+00,2024-10-04 10:02:44.779+00
483,أغنية هم هم هم فواكه  اغاني اطفال طم طم,https://i.ytimg.com/vi/PdU5oklegCs/maxresdefault.jpg,https://www.youtube.com/watch?v=PdU5oklegCs,2024-10-04 10:02:44.779+00,2024-10-04 10:02:44.779+00
294,أغنية هم هم لذيذة,https://i.ytimg.com/vi/d63x7gDlzf4/maxresdefault.jpg,https://www.youtube.com/watch?v=d63x7gDlzf4,2024-10-04 10:02:44.779+00,2024-10-04 10:02:44.779+00
471,أغنية هري هري مياو مياو - أغاني تعليم العربية,https://i.ytimg.com/vi/qZTlJCNQHyk/maxresdefault.jpg,https://www.youtube.com/watch?v=qZTlJCNQHyk,2024-10-04 10:02:44.779+00,2024-10-04 10:02:44.779+00
297,أغنية هالصيصان كتاكيت,https://i.ytimg.com/vi/oByM16UsIPc/maxresdefault.jpg,https://www.youtube.com/watch?v=oByM16UsIPc,2024-10-04 10:02:44.779+00,2024-10-04 10:02:44.779+00
301,أغنية هالصيصان صو صو  والوحش,https://i.ytimg.com/vi/g1R8EPq1EAQ/maxresdefault.jpg,https://www.youtube.com/watch?v=g1R8EPq1EAQ,2024-10-04 10:02:44.779+00,2024-10-04 10:02:44.779+00
75,أغنية هالصيصان شو حلوين 2018,https://i.ytimg.com/vi/H6qNS9toSWk/maxresdefault.jpg,https://www.youtube.com/watch?v=H6qNS9toSWk,2024-10-04 10:02:44.779+00,2024-10-04 10:02:44.779+00
482,أغنية هالصيصان شو حلوين - الصيصان الحلوين  قناة طم طم للأطفال,https://i.ytimg.com/vi/MEVPkQ7576I/maxresdefault.jpg,https://www.youtube.com/watch?v=MEVPkQ7576I,2024-10-04 10:02:44.779+00,2024-10-04 10:02:44.779+00
309,أغنية نيالي يانيالي,https://i.ytimg.com/vi/K5QVVTfXoQc/maxresdefault.jpg,https://www.youtube.com/watch?v=K5QVVTfXoQc,2024-10-04 10:02:44.779+00,2024-10-04 10:02:44.779+00
326,أغنية نونو,https://i.ytimg.com/vi/GreKkw9SO8M/maxresdefault.jpg,https://www.youtube.com/watch?v=GreKkw9SO8M,2024-10-04 10:02:44.779+00,2024-10-04 10:02:44.779+00
295,أغنية نم نم نمنومة,https://i.ytimg.com/vi/u9rUz2XWQnc/maxresdefault.jpg,https://www.youtube.com/watch?v=u9rUz2XWQnc,2024-10-04 10:02:44.779+00,2024-10-04 10:02:44.779+00
322,أغنية نطيطة,https://i.ytimg.com/vi/kZhaNhK170A/maxresdefault.jpg,https://www.youtube.com/watch?v=kZhaNhK170A,2024-10-04 10:02:44.779+00,2024-10-04 10:02:44.779+00
327,أغنية ماما طعمينا,https://i.ytimg.com/vi/xF_NNFrILq4/maxresdefault.jpg,https://www.youtube.com/watch?v=xF_NNFrILq4,2024-10-04 10:02:44.779+00,2024-10-04 10:02:44.779+00
549,أغنية ماما زمانها جاية + أجمل اغاني الاطفال,https://i.ytimg.com/vi/AwlQRSZEy9U/maxresdefault.jpg,https://www.youtube.com/watch?v=AwlQRSZEy9U,2024-10-04 10:02:44.779+00,2024-10-04 10:02:44.779+00
65,أغنية ماما زمانها جاية  Luna TV - قناة لونا,https://i.ytimg.com/vi/asuBOauTUfk/maxresdefault.jpg,https://www.youtube.com/watch?v=asuBOauTUfk,2024-10-04 10:02:44.779+00,2024-10-04 10:02:44.779+00
113,أغنية ليلة العيد للأطفال٢  فرحة العيد,https://i.ytimg.com/vi/c326QOLpBzE/maxresdefault.jpg,https://www.youtube.com/watch?v=c326QOLpBzE,2024-10-04 10:02:44.779+00,2024-10-04 10:02:44.779+00
106,أغنية ليلة العيد للأطفال  فرحة العيد,https://i.ytimg.com/vi/jxbMGYOabMk/maxresdefault.jpg,https://www.youtube.com/watch?v=jxbMGYOabMk,2024-10-04 10:02:44.779+00,2024-10-04 10:02:44.779+00
329,أغنية كلوبي,https://i.ytimg.com/vi/883Az0zNbnU/maxresdefault.jpg,https://www.youtube.com/watch?v=883Az0zNbnU,2024-10-04 10:02:44.779+00,2024-10-04 10:02:44.779+00
201,أغنية قطتي الصغيرة - اغاني اطفال,https://i.ytimg.com/vi/sgjPlM24e7o/maxresdefault.jpg,https://www.youtube.com/watch?v=sgjPlM24e7o,2024-10-04 10:02:44.779+00,2024-10-04 10:02:44.779+00
321,أغنية قطة نو نو,https://i.ytimg.com/vi/bRfljqUWrpg/maxresdefault.jpg,https://www.youtube.com/watch?v=bRfljqUWrpg,2024-10-04 10:02:44.779+00,2024-10-04 10:02:44.779+00
302,أغنية قرود اخد البطيخة,https://i.ytimg.com/vi/ybDuVXVh8UQ/maxresdefault.jpg,https://www.youtube.com/watch?v=ybDuVXVh8UQ,2024-10-04 10:02:44.779+00,2024-10-04 10:02:44.779+00
331,أغنية فواكه هم هم,https://i.ytimg.com/vi/3P6puJ3P7VQ/maxresdefault.jpg,https://www.youtube.com/watch?v=3P6puJ3P7VQ,2024-10-04 10:02:44.779+00,2024-10-04 10:02:44.779+00
499,أغنية غسل الأسنان للأطفال  - قناة طم طم,https://i.ytimg.com/vi/XCdiVIRP2Jc/maxresdefault.jpg,https://www.youtube.com/watch?v=XCdiVIRP2Jc,2024-10-04 10:02:44.779+00,2024-10-04 10:02:44.779+00
324,أغنية عصير,https://i.ytimg.com/vi/6rbiHMONBSI/maxresdefault.jpg,https://www.youtube.com/watch?v=6rbiHMONBSI,2024-10-04 10:02:44.779+00,2024-10-04 10:02:44.779+00
505,أغنية عشر قطط - تعليم اللغة العربية للأطفال,https://i.ytimg.com/vi/0TUdhkJkOkk/maxresdefault.jpg,https://www.youtube.com/watch?v=0TUdhkJkOkk,2024-10-04 10:02:44.779+00,2024-10-04 10:02:44.779+00
128,أغنية عبد المنعم مدبولى - توت توت,https://i.ytimg.com/vi/SgoP23MWUI4/hqdefault.jpg,https://www.youtube.com/watch?v=SgoP23MWUI4,2024-10-04 10:02:44.779+00,2024-10-04 10:02:44.779+00
323,أغنية ضو,https://i.ytimg.com/vi/1lxaRWEWa6k/maxresdefault.jpg,https://www.youtube.com/watch?v=1lxaRWEWa6k,2024-10-04 10:02:44.779+00,2024-10-04 10:02:44.779+00
334,أغنية صغير كبير,https://i.ytimg.com/vi/mDoNWFVGxUY/maxresdefault.jpg,https://www.youtube.com/watch?v=mDoNWFVGxUY,2024-10-04 10:02:44.779+00,2024-10-04 10:02:44.779+00
320,أغنية شوكولا,https://i.ytimg.com/vi/59kafDMI3Jw/maxresdefault.jpg,https://www.youtube.com/watch?v=59kafDMI3Jw,2024-10-04 10:02:44.779+00,2024-10-04 10:02:44.779+00
328,أغنية شو هاد اللون ؟,https://i.ytimg.com/vi/-X44DtFL8SU/maxresdefault.jpg,https://www.youtube.com/watch?v=-X44DtFL8SU,2024-10-04 10:02:44.779+00,2024-10-04 10:02:44.779+00
306,أغنية شرطة البيبي وي وي وي,https://i.ytimg.com/vi/VrgUh_IP-yU/maxresdefault.jpg,https://www.youtube.com/watch?v=VrgUh_IP-yU,2024-10-04 10:02:44.779+00,2024-10-04 10:02:44.779+00
296,أغنية ساعدوني  دودي في خطر,https://i.ytimg.com/vi/hA4zGclqT-s/maxresdefault.jpg,https://www.youtube.com/watch?v=hA4zGclqT-s,2024-10-04 10:02:44.779+00,2024-10-04 10:02:44.779+00
476,أغنية ذهب الليل طلع الفجر 1   قناة طم طم -  أغاني أطفال,https://i.ytimg.com/vi/pcOseh0TSPY/maxresdefault.jpg,https://www.youtube.com/watch?v=pcOseh0TSPY,2024-10-04 10:02:44.779+00,2024-10-04 10:02:44.779+00
585,أغنية ذهب الليل طلع الفجر  #ذهب_الليل_طلع_الفجر,https://i.ytimg.com/vi/-GvfI7P1zJs/maxresdefault.jpg,https://www.youtube.com/watch?v=-GvfI7P1zJs,2024-10-04 10:02:44.779+00,2024-10-04 10:02:44.779+00
606,أغنية ذهب الليل طلع الفجر,https://i.ytimg.com/vi/yq5TScl9ecI/maxresdefault.jpg,https://www.youtube.com/watch?v=yq5TScl9ecI,2024-10-04 10:02:44.779+00,2024-10-04 10:02:44.779+00
304,أغنية دو دو الفواكه,https://i.ytimg.com/vi/qdNguJ7q6h8/maxresdefault.jpg,https://www.youtube.com/watch?v=qdNguJ7q6h8,2024-10-04 10:02:44.779+00,2024-10-04 10:02:44.779+00
308,أغنية دق دق مين ع الباب,https://i.ytimg.com/vi/uw1oMUur9Kg/maxresdefault.jpg,https://www.youtube.com/watch?v=uw1oMUur9Kg,2024-10-04 10:02:44.779+00,2024-10-04 10:02:44.779+00
484,أغنية دق دق من بالباب  قناة طم طم,https://i.ytimg.com/vi/cYlVTfS-1oE/maxresdefault.jpg,https://www.youtube.com/watch?v=cYlVTfS-1oE,2024-10-04 10:02:44.779+00,2024-10-04 10:02:44.779+00
603,أغنية حيوانات المزرعة جدو علي عندو حمار,https://i.ytimg.com/vi/_I8s54ypxC0/maxresdefault.jpg,https://www.youtube.com/watch?v=_I8s54ypxC0,2024-10-04 10:02:44.779+00,2024-10-04 10:02:44.779+00
473,أغنية حظيرة الحيوانات  أغاني أطفال,https://i.ytimg.com/vi/w45muV_DXm8/maxresdefault.jpg,https://www.youtube.com/watch?v=w45muV_DXm8,2024-10-04 10:02:44.779+00,2024-10-04 10:02:44.779+00
300,أغنية حراامي رن رن ياشرطة,https://i.ytimg.com/vi/IKC0tn40d0c/maxresdefault.jpg,https://www.youtube.com/watch?v=IKC0tn40d0c,2024-10-04 10:02:44.779+00,2024-10-04 10:02:44.779+00
317,أغنية جوعانين,https://i.ytimg.com/vi/mRySZgzl4wU/maxresdefault.jpg,https://www.youtube.com/watch?v=mRySZgzl4wU,2024-10-04 10:02:44.779+00,2024-10-04 10:02:44.779+00
486,أغنية توت توت يا كتكوت - أغاني أطفال,https://i.ytimg.com/vi/49ThnEpsprU/maxresdefault.jpg,https://www.youtube.com/watch?v=49ThnEpsprU,2024-10-04 10:02:44.779+00,2024-10-04 10:02:44.779+00
541,أغنية توت توت قطر صغنطوط  داني تي في,https://i.ytimg.com/vi/eFuS80j6FZE/maxresdefault.jpg,https://www.youtube.com/watch?v=eFuS80j6FZE,2024-10-04 10:02:44.779+00,2024-10-04 10:02:44.779+00
312,أغنية بيبي الغنمة ضاعت,https://i.ytimg.com/vi/la2C507oFKA/maxresdefault.jpg,https://www.youtube.com/watch?v=la2C507oFKA,2024-10-04 10:02:44.779+00,2024-10-04 10:02:44.779+00
325,أغنية بيب بيب,https://i.ytimg.com/vi/LRRS9A5dNnE/maxresdefault.jpg,https://www.youtube.com/watch?v=LRRS9A5dNnE,2024-10-04 10:02:44.779+00,2024-10-04 10:02:44.779+00
485,أغنية بطة بطوطة - أغاني أطفال,https://i.ytimg.com/vi/Jl2oa8VvaW0/maxresdefault.jpg,https://www.youtube.com/watch?v=Jl2oa8VvaW0,2024-10-04 10:02:44.779+00,2024-10-04 10:02:44.779+00
311,أغنية بدي حليب,https://i.ytimg.com/vi/OPyf5s5xUiU/maxresdefault.jpg,https://www.youtube.com/watch?v=OPyf5s5xUiU,2024-10-04 10:02:44.779+00,2024-10-04 10:02:44.779+00
310,أغنية بالوني,https://i.ytimg.com/vi/vD2oSoQ-Uxk/maxresdefault.jpg,https://www.youtube.com/watch?v=vD2oSoQ-Uxk,2024-10-04 10:02:44.779+00,2024-10-04 10:02:44.779+00
72,أغنية بابا جاي إمتى  قناة مرح كي جي - Marah KG,https://i.ytimg.com/vi/tOqW0THjyq8/sddefault.jpg,https://www.youtube.com/watch?v=tOqW0THjyq8,2024-10-04 10:02:44.779+00,2024-10-04 10:02:44.779+00
314,أغنية بابا بابا حاجة نوم,https://i.ytimg.com/vi/ibmf-K0SvLI/maxresdefault.jpg,https://www.youtube.com/watch?v=ibmf-K0SvLI,2024-10-04 10:02:44.779+00,2024-10-04 10:02:44.779+00
513,أغنية أينك يا ذؤوب  بدون موسيقى,https://i.ytimg.com/vi/QW81O1Dg_R4/maxresdefault.jpg,https://www.youtube.com/watch?v=QW81O1Dg_R4,2024-10-04 10:02:44.779+00,2024-10-04 10:02:44.779+00
507,أغنية أينك يا ذؤوب -  قناة طم طم للأطفال,https://i.ytimg.com/vi/pWNUnXQ4g8g/maxresdefault.jpg,https://www.youtube.com/watch?v=pWNUnXQ4g8g,2024-10-04 10:02:44.779+00,2024-10-04 10:02:44.779+00
494,أغنية أنا بقرة -  أغاني أطفال   قناة طم طم,https://i.ytimg.com/vi/SYNv4Wg0NdA/maxresdefault.jpg,https://www.youtube.com/watch?v=SYNv4Wg0NdA,2024-10-04 10:02:44.779+00,2024-10-04 10:02:44.779+00
61,أغنية أكلك منين يا بطة  Luna TV - قناة لونا,https://i.ytimg.com/vi/LrfgMHFligo/maxresdefault.jpg,https://www.youtube.com/watch?v=LrfgMHFligo,2024-10-04 10:02:44.779+00,2024-10-04 10:02:44.779+00
470,أغنية أصوات الحيوانات -  أغنية صوت الديك    قناة طم طم,https://i.ytimg.com/vi/5mLei28XKtE/maxresdefault.jpg,https://www.youtube.com/watch?v=5mLei28XKtE,2024-10-04 10:02:44.779+00,2024-10-04 10:02:44.779+00
332,أغنية أسناني أي,https://i.ytimg.com/vi/-v0qlEYAd5c/maxresdefault.jpg,https://www.youtube.com/watch?v=-v0qlEYAd5c,2024-10-04 10:02:44.779+00,2024-10-04 10:02:44.779+00
305,أغنية أسرع أسرع خطر,https://i.ytimg.com/vi/kNbkfPDI22c/maxresdefault.jpg,https://www.youtube.com/watch?v=kNbkfPDI22c,2024-10-04 10:02:44.779+00,2024-10-04 10:02:44.779+00
307,أغنية انا دودي بعدولي,https://i.ytimg.com/vi/sNC9U3L1KOs/maxresdefault.jpg,https://www.youtube.com/watch?v=sNC9U3L1KOs,2024-10-04 10:02:44.779+00,2024-10-04 10:02:44.779+00
62,أغنية انا احب ماما وماما تحبني  Luna TV - قناة لونا,https://i.ytimg.com/vi/_lOIX75q1qI/maxresdefault.jpg,https://www.youtube.com/watch?v=_lOIX75q1qI,2024-10-04 10:02:44.779+00,2024-10-04 10:02:44.779+00
618,أغنية القطة المشمشية,https://i.ytimg.com/vi/zN2jH1mD03g/sddefault.jpg,https://www.youtube.com/watch?v=zN2jH1mD03g,2024-10-04 10:02:44.779+00,2024-10-04 10:02:44.779+00
623,أغنية الفواكه والخضروات الجديدة,https://i.ytimg.com/vi/OGBCufMR5bQ/maxresdefault.jpg,https://www.youtube.com/watch?v=OGBCufMR5bQ,2024-10-04 10:02:44.779+00,2024-10-04 10:02:44.779+00
313,أغنية الصيصان ضايعين,https://i.ytimg.com/vi/aXQYQ-oZNWI/maxresdefault.jpg,https://www.youtube.com/watch?v=aXQYQ-oZNWI,2024-10-04 10:02:44.779+00,2024-10-04 10:02:44.779+00
517,أغنية الخضروات - طمطومة وبطاطا وبصل   لاغاني الاطفال,https://i.ytimg.com/vi/e2WoMYwZ7ac/maxresdefault.jpg,https://www.youtube.com/watch?v=e2WoMYwZ7ac,2024-10-04 10:02:44.779+00,2024-10-04 10:02:44.779+00
625,أغنية الخضروات - البطاطا,https://i.ytimg.com/vi/68jQhdDT_nc/maxresdefault.jpg,https://www.youtube.com/watch?v=68jQhdDT_nc,2024-10-04 10:02:44.779+00,2024-10-04 10:02:44.779+00
330,أغنية الحمام,https://i.ytimg.com/vi/VN6tWE5mTUQ/maxresdefault.jpg,https://www.youtube.com/watch?v=VN6tWE5mTUQ,2024-10-04 10:02:44.779+00,2024-10-04 10:02:44.779+00
481,أغنية الحروف العربية  للأطفال -  قناة طم طم,https://i.ytimg.com/vi/Xa3EzUnK2yQ/maxresdefault.jpg,https://www.youtube.com/watch?v=Xa3EzUnK2yQ,2024-10-04 10:02:44.779+00,2024-10-04 10:02:44.779+00
319,أغنية الثعلب الكذاب,https://i.ytimg.com/vi/38fwZUcsjpM/maxresdefault.jpg,https://www.youtube.com/watch?v=38fwZUcsjpM,2024-10-04 10:02:44.779+00,2024-10-04 10:02:44.779+00
298,أغنية البيبي عم يبكي,https://i.ytimg.com/vi/BSX3u2E0Fvw/maxresdefault.jpg,https://www.youtube.com/watch?v=BSX3u2E0Fvw,2024-10-04 10:02:44.779+00,2024-10-04 10:02:44.779+00
333,أغنية البيبي الزين,https://i.ytimg.com/vi/TDx45Rn_GqU/maxresdefault.jpg,https://www.youtube.com/watch?v=TDx45Rn_GqU,2024-10-04 10:02:44.779+00,2024-10-04 10:02:44.779+00
63,أغنية البنات البنات  Luna TV - قناة لونا,https://i.ytimg.com/vi/zAKZOCS4sWk/maxresdefault.jpg,https://www.youtube.com/watch?v=zAKZOCS4sWk,2024-10-04 10:02:44.779+00,2024-10-04 10:02:44.779+00
318,أغنية البقرة هم هم هم  بدون موسيقى,https://i.ytimg.com/vi/MLpek4tsfTI/maxresdefault.jpg,https://www.youtube.com/watch?v=MLpek4tsfTI,2024-10-04 10:02:44.779+00,2024-10-04 10:02:44.779+00
315,أغنية البقرة هم هم هم  بتقويني ما فيني,https://i.ytimg.com/vi/F3TdjmdbVVw/maxresdefault.jpg,https://www.youtube.com/watch?v=F3TdjmdbVVw,2024-10-04 10:02:44.779+00,2024-10-04 10:02:44.779+00
622,أغنية البطات الخمسة,https://i.ytimg.com/vi/a6UkPB1GByk/maxresdefault.jpg,https://www.youtube.com/watch?v=a6UkPB1GByk,2024-10-04 10:02:44.779+00,2024-10-04 10:02:44.779+00
498,أغنية الأناناس   بدون موسيقى - أغاني أطفال   قناة طم طم,https://i.ytimg.com/vi/laav-3MfQis/maxresdefault.jpg,https://www.youtube.com/watch?v=laav-3MfQis,2024-10-04 10:02:44.779+00,2024-10-04 10:02:44.779+00
496,أغنية الأناناس - أغاني أطفال   قناة طم طم,https://i.ytimg.com/vi/uZHhjDKep2M/maxresdefault.jpg,https://www.youtube.com/watch?v=uZHhjDKep2M,2024-10-04 10:02:44.779+00,2024-10-04 10:02:44.779+00
567,أغنية الألوان colors  انشودة تعليم الألوان للأطفال,https://i.ytimg.com/vi/WODzRMvziDs/sddefault.jpg,https://www.youtube.com/watch?v=WODzRMvziDs,2024-10-04 10:02:44.779+00,2024-10-04 10:02:44.779+00
493,أغنية الألوان 2   عربي - انجليزي   قناة طم طم - Tam Tam  tv,https://i.ytimg.com/vi/tNPD8zFwd-M/maxresdefault.jpg,https://www.youtube.com/watch?v=tNPD8zFwd-M,2024-10-04 10:02:44.779+00,2024-10-04 10:02:44.779+00
480,أغنية الأشكال للأطفال -  قناة طم طم,https://i.ytimg.com/vi/T1VwpXymvpw/maxresdefault.jpg,https://www.youtube.com/watch?v=T1VwpXymvpw,2024-10-04 10:02:44.779+00,2024-10-04 10:02:44.779+00
539,أغنية الالوان colors - الألوان لالالا الجديدة #الوان #الالوان,https://i.ytimg.com/vi/E4m4yMc5pro/hqdefault.jpg,https://www.youtube.com/watch?v=E4m4yMc5pro,2024-10-04 10:02:44.779+00,2024-10-04 10:02:44.779+00
303,أغنية الاسعاف وي وي,https://i.ytimg.com/vi/oseJrR_pXxU/maxresdefault.jpg,https://www.youtube.com/watch?v=oseJrR_pXxU,2024-10-04 10:02:44.779+00,2024-10-04 10:02:44.779+00
475,أغنية  خمس أصابع    قناة طم طم  -  Fingers Family song in arabic,https://i.ytimg.com/vi/mrhVDkd5VtE/maxresdefault.jpg,https://www.youtube.com/watch?v=mrhVDkd5VtE,2024-10-04 10:02:44.779+00,2024-10-04 10:02:44.779+00
502,أغنية  أصوات الحيوانات الأليفة  أغاني أطفال  طم طم,https://i.ytimg.com/vi/oo4fCBQwxVE/maxresdefault.jpg,https://www.youtube.com/watch?v=oo4fCBQwxVE,2024-10-04 10:02:44.779+00,2024-10-04 10:02:44.779+00
336,أصوات الحيوانات - طيور الجنة,https://i.ytimg.com/vi/s9ty2k_vndk/maxresdefault.jpg,https://www.youtube.com/watch?v=s9ty2k_vndk,2024-10-04 10:02:44.779+00,2024-10-04 10:02:44.779+00
412,أسناني واوا ـ قناة طيور الجنة ـ بدون إيقاع ، رائعة للأطفال عن الاهتمام بالأسنان,https://i.ytimg.com/vi/spfntpwa63M/hqdefault.jpg,https://www.youtube.com/watch?v=spfntpwa63M,2024-10-04 10:02:44.779+00,2024-10-04 10:02:44.779+00
366,أحلى خبرية (بدون إيقاع) - لين الصعيدي  طيور الجنة,https://i.ytimg.com/vi/OHNhIlk3vyI/maxresdefault.jpg,https://www.youtube.com/watch?v=OHNhIlk3vyI,2024-10-04 10:02:44.779+00,2024-10-04 10:02:44.779+00
197,أجمل أغاني الأطفال  هالصيصان - ذهب الليل - ياغنماتي - ماما زمانها جاية,https://i.ytimg.com/vi/XqDRZkFRTFc/sddefault.jpg,https://www.youtube.com/watch?v=XqDRZkFRTFc,2024-10-04 10:02:44.779+00,2024-10-04 10:02:44.779+00
550,أجمل أغاني الأطفال - اناشيد الروضة,https://i.ytimg.com/vi/e0TaOSPFfF0/maxresdefault.jpg,https://www.youtube.com/watch?v=e0TaOSPFfF0,2024-10-04 10:02:44.779+00,2024-10-04 10:02:44.779+00
402,أبو قلب طيب (بدون إيقاع) - محمد بشار  طيور الجنة,https://i.ytimg.com/vi/uI-ihI4QBnE/maxresdefault.jpg,https://www.youtube.com/watch?v=uI-ihI4QBnE,2024-10-04 10:02:44.779+00,2024-10-04 10:02:44.779+00
344,إيدي - طيور بيبي,https://i.ytimg.com/vi/XvVSx0EtPxg/maxresdefault.jpg,https://www.youtube.com/watch?v=XvVSx0EtPxg,2024-10-04 10:02:44.779+00,2024-10-04 10:02:44.779+00
393,إلعب إلعب (بدون إيقاع) - المقاديد  طيور الجنة,https://i.ytimg.com/vi/QcV8qViDTQY/maxresdefault.jpg,https://www.youtube.com/watch?v=QcV8qViDTQY,2024-10-04 10:02:44.779+00,2024-10-04 10:02:44.779+00
528,انشودة رفيقي الارنب - قفز الارنب خاف الارنب كمت قريبا منه العب   لاغاني الاطفال,https://i.ytimg.com/vi/l81-VDgsCqc/maxresdefault.jpg,https://www.youtube.com/watch?v=l81-VDgsCqc,2024-10-04 10:02:44.779+00,2024-10-04 10:02:44.779+00
580,انشودة انا الفرخة واحنا الكتاكيت + اجمل اغاني الاطفال   DanyTv,https://i.ytimg.com/vi/ckDxW1USFtQ/maxresdefault.jpg,https://www.youtube.com/watch?v=ckDxW1USFtQ,2024-10-04 10:02:44.779+00,2024-10-04 10:02:44.779+00
441,اناشيد الروضة - تعليم الاطفال - نشيد الأشكال The Shapes ( 3 ) - بدون موسيقى,https://i.ytimg.com/vi/BrPfHKgcZpI/maxresdefault.jpg,https://www.youtube.com/watch?v=BrPfHKgcZpI,2024-10-04 10:02:44.779+00,2024-10-04 10:02:44.779+00
444,اناشيد الروضة - تعليم الاطفال - الفواكه - بدون موسيقى - بدون ايقاع,https://i.ytimg.com/vi/YEGsRKDsd1k/maxresdefault.jpg,https://www.youtube.com/watch?v=YEGsRKDsd1k,2024-10-04 10:02:44.779+00,2024-10-04 10:02:44.779+00
477,انا دجاجة نحن الكتاكيت - نسخة جديدة -  أغاني أطفال,https://i.ytimg.com/vi/e1wB5Cpq2h0/maxresdefault.jpg,https://www.youtube.com/watch?v=e1wB5Cpq2h0,2024-10-04 10:02:44.779+00,2024-10-04 10:02:44.779+00
337,انا جنى,https://i.ytimg.com/vi/ekIjhBtMeH4/hqdefault.jpg,https://www.youtube.com/watch?v=ekIjhBtMeH4,2024-10-04 10:02:44.779+00,2024-10-04 10:02:44.779+00
375,انا جاد انا اياد (بدون إيقاع) - جاد وإياد,https://i.ytimg.com/vi/_J34ROIkQiw/maxresdefault.jpg,https://www.youtube.com/watch?v=_J34ROIkQiw,2024-10-04 10:02:44.779+00,2024-10-04 10:02:44.779+00
591,انا الفرخة واحنة الكتاكيت + اجمل اغاني الاطفال,https://i.ytimg.com/vi/zEeDmaxegDA/maxresdefault.jpg,https://www.youtube.com/watch?v=zEeDmaxegDA,2024-10-04 10:02:44.779+00,2024-10-04 10:02:44.779+00
142,انا Small,https://i.ytimg.com/vi/FF6PYv05EmA/maxresdefault.jpg,https://www.youtube.com/watch?v=FF6PYv05EmA,2024-10-04 10:02:44.779+00,2024-10-04 10:02:44.779+00
592,الو الو يا شرطة تعالوا  يا شرطة حرامي  اغاني الاطفال من,https://i.ytimg.com/vi/DARmRCumC3E/maxresdefault.jpg,https://www.youtube.com/watch?v=DARmRCumC3E,2024-10-04 10:02:44.779+00,2024-10-04 10:02:44.779+00
156,النملة والصرصور,https://i.ytimg.com/vi/hf_QjXRn4Eo/maxresdefault.jpg,https://www.youtube.com/watch?v=hf_QjXRn4Eo,2024-10-04 10:02:44.779+00,2024-10-04 10:02:44.779+00
145,النظافة من الإيمان,https://i.ytimg.com/vi/wfp5OR9jDng/maxresdefault.jpg,https://www.youtube.com/watch?v=wfp5OR9jDng,2024-10-04 10:02:44.779+00,2024-10-04 10:02:44.779+00
372,النظافة من الايمان (بدون إيقاع) - طيور بيبي,https://i.ytimg.com/vi/zpEi6qb8wGE/maxresdefault.jpg,https://www.youtube.com/watch?v=zpEi6qb8wGE,2024-10-04 10:02:44.779+00,2024-10-04 10:02:44.779+00
357,النظافة من الايمان - طيور بيبي,https://i.ytimg.com/vi/BlgQSzea-dU/maxresdefault.jpg,https://www.youtube.com/watch?v=BlgQSzea-dU,2024-10-04 10:02:44.779+00,2024-10-04 10:02:44.779+00
86,النضافة حلوة  النظافة الشخصية للأطفال,https://i.ytimg.com/vi/6huQZ-p3HtU/sddefault.jpg,https://www.youtube.com/watch?v=6huQZ-p3HtU,2024-10-04 10:02:44.779+00,2024-10-04 10:02:44.779+00
406,"النحلة ""بدون إيقاع"" - قناة بيبي الفضائية",https://i.ytimg.com/vi/FLJEn8pmPOo/maxresdefault.jpg,https://www.youtube.com/watch?v=FLJEn8pmPOo,2024-10-04 10:02:44.779+00,2024-10-04 10:02:44.779+00
348,النحلة - طيور بيبي,https://i.ytimg.com/vi/EqaBwnmexKo/maxresdefault.jpg,https://www.youtube.com/watch?v=EqaBwnmexKo,2024-10-04 10:02:44.779+00,2024-10-04 10:02:44.779+00
176,النحلة,https://i.ytimg.com/vi/N1zNYn96IYU/maxresdefault.jpg,https://www.youtube.com/watch?v=N1zNYn96IYU,2024-10-04 10:02:44.779+00,2024-10-04 10:02:44.779+00
194,الموزة,https://i.ytimg.com/vi/rRejZ3J2E4Y/maxresdefault.jpg,https://www.youtube.com/watch?v=rRejZ3J2E4Y,2024-10-04 10:02:44.779+00,2024-10-04 10:02:44.779+00
391,الممرضة (بدون إيقاع) - عصومي ووليد  طيور الجنة,https://i.ytimg.com/vi/yRhIqvMd5kE/maxresdefault.jpg,https://www.youtube.com/watch?v=yRhIqvMd5kE,2024-10-04 10:02:44.779+00,2024-10-04 10:02:44.779+00
404,"الليمونة والبرتقالة ""بدون إيقاع"" - طيور بيبي",https://i.ytimg.com/vi/ZgUCuW8aRCY/maxresdefault.jpg,https://www.youtube.com/watch?v=ZgUCuW8aRCY,2024-10-04 10:02:44.779+00,2024-10-04 10:02:44.779+00
79,الليمونة والبرتقالة - طيور بيبي,https://i.ytimg.com/vi/WwLHY2lv__Q/maxresdefault.jpg,https://www.youtube.com/watch?v=WwLHY2lv__Q,2024-10-04 10:02:44.779+00,2024-10-04 10:02:44.779+00
153,الليمونة والبرتقالة,https://i.ytimg.com/vi/tw_pvzDkEKo/maxresdefault.jpg,https://www.youtube.com/watch?v=tw_pvzDkEKo,2024-10-04 10:02:44.779+00,2024-10-04 10:02:44.779+00
146,الليمونة,https://i.ytimg.com/vi/3Lh3EVnu4Yw/maxresdefault.jpg,https://www.youtube.com/watch?v=3Lh3EVnu4Yw,2024-10-04 10:02:44.779+00,2024-10-04 10:02:44.779+00
379,الكرزتين (بدون إيقاع) - طيور بيبي,https://i.ytimg.com/vi/iYED_hr59ek/maxresdefault.jpg,https://www.youtube.com/watch?v=iYED_hr59ek,2024-10-04 10:02:44.779+00,2024-10-04 10:02:44.779+00
82,الكرزتين,https://i.ytimg.com/vi/OIO5DBpDu8w/maxresdefault.jpg,https://www.youtube.com/watch?v=OIO5DBpDu8w,2024-10-04 10:02:44.779+00,2024-10-04 10:02:44.779+00
504,الكتكوت صوصو  -  أغنية أصوات الحيوانات  -  قناة طم طم,https://i.ytimg.com/vi/uBo_Bj1hgCs/maxresdefault.jpg,https://www.youtube.com/watch?v=uBo_Bj1hgCs,2024-10-04 10:02:44.779+00,2024-10-04 10:02:44.779+00
163,الكتكوت,https://i.ytimg.com/vi/Q1XJreUetKQ/maxresdefault.jpg,https://www.youtube.com/watch?v=Q1XJreUetKQ,2024-10-04 10:02:44.779+00,2024-10-04 10:02:44.779+00
166,القنافذ,https://i.ytimg.com/vi/OHWvHHMYGF4/maxresdefault.jpg,https://www.youtube.com/watch?v=OHWvHHMYGF4,2024-10-04 10:02:44.779+00,2024-10-04 10:02:44.779+00
610,القطة المشمشية حلوة بس شقية,https://i.ytimg.com/vi/-y6gDOgYWDQ/maxresdefault.jpg,https://www.youtube.com/watch?v=-y6gDOgYWDQ,2024-10-04 10:02:44.779+00,2024-10-04 10:02:44.779+00
80,الفيل الطيوب (بدون إيقاع) - طيور بيبي,https://i.ytimg.com/vi/mG-proytMh8/maxresdefault.jpg,https://www.youtube.com/watch?v=mG-proytMh8,2024-10-04 10:02:44.779+00,2024-10-04 10:02:44.779+00
434,الفيل الطيوب - طيور بيبي,https://i.ytimg.com/vi/d3FkOkSE1i8/maxresdefault.jpg,https://www.youtube.com/watch?v=d3FkOkSE1i8,2024-10-04 10:02:44.779+00,2024-10-04 10:02:44.779+00
173,الفيل الطيوب,https://i.ytimg.com/vi/E9ggvIAPmSM/maxresdefault.jpg,https://www.youtube.com/watch?v=E9ggvIAPmSM,2024-10-04 10:02:44.779+00,2024-10-04 10:02:44.779+00
159,الفواكه,https://i.ytimg.com/vi/N3fHhPUk0U0/maxresdefault.jpg,https://www.youtube.com/watch?v=N3fHhPUk0U0,2024-10-04 10:02:44.779+00,2024-10-04 10:02:44.779+00
346,الفم (بدون إيقاع) - طيور بيبي,https://i.ytimg.com/vi/0tqZY36dCU8/maxresdefault.jpg,https://www.youtube.com/watch?v=0tqZY36dCU8,2024-10-04 10:02:44.779+00,2024-10-04 10:02:44.779+00
88,الفطار  اغنية وجبة الافطار للاطفال,https://i.ytimg.com/vi/89h8NkQ9cGY/maxresdefault.jpg,https://www.youtube.com/watch?v=89h8NkQ9cGY,2024-10-04 10:02:44.779+00,2024-10-04 10:02:44.779+00
193,الفراولة,https://i.ytimg.com/vi/yNV-FNX__hw/maxresdefault.jpg,https://www.youtube.com/watch?v=yNV-FNX__hw,2024-10-04 10:02:44.779+00,2024-10-04 10:02:44.779+00
152,الفراشة   - طيور بيبي,https://i.ytimg.com/vi/5fgElT5p8nw/maxresdefault.jpg,https://www.youtube.com/watch?v=5fgElT5p8nw,2024-10-04 10:02:44.779+00,2024-10-04 10:02:44.779+00
186,العنب,https://i.ytimg.com/vi/yLZrdeSRVPs/maxresdefault.jpg,https://www.youtube.com/watch?v=yLZrdeSRVPs,2024-10-04 10:02:44.779+00,2024-10-04 10:02:44.779+00
154,الطيارة,https://i.ytimg.com/vi/a_eA00olPt0/maxresdefault.jpg,https://www.youtube.com/watch?v=a_eA00olPt0,2024-10-04 10:02:44.779+00,2024-10-04 10:02:44.779+00
439,"الطوشه "" اولاد وبنات ""  - نجوم كراميش  قناة كراميش Karameesh Tv",https://i.ytimg.com/vi/2cdOwLi1eWE/maxresdefault.jpg,https://www.youtube.com/watch?v=2cdOwLi1eWE,2024-10-04 10:02:44.779+00,2024-10-04 10:02:44.779+00
352,الصدقة - طيور بيبي,https://i.ytimg.com/vi/_s7CB-EaXAE/maxresdefault.jpg,https://www.youtube.com/watch?v=_s7CB-EaXAE,2024-10-04 10:02:44.779+00,2024-10-04 10:02:44.779+00
136,الشمس البرتقالى رسوم متحركة / عبد المنعم مدبولى / رسوم حسن نور,https://i.ytimg.com/vi/zov6LgMlcyc/hqdefault.jpg,https://www.youtube.com/watch?v=zov6LgMlcyc,2024-10-04 10:02:44.779+00,2024-10-04 10:02:44.779+00
134,الشاطر عمرو - عبد المنعم مدبولى,https://i.ytimg.com/vi/EsuX6INcKjQ/hqdefault.jpg,https://www.youtube.com/watch?v=EsuX6INcKjQ,2024-10-04 10:02:44.779+00,2024-10-04 10:02:44.779+00
367,الرياضة (بدون إيقاع) - طيور بيبي,https://i.ytimg.com/vi/dKNtknH2bRI/maxresdefault.jpg,https://www.youtube.com/watch?v=dKNtknH2bRI,2024-10-04 10:02:44.779+00,2024-10-04 10:02:44.779+00
144,الرياضة,https://i.ytimg.com/vi/AC2gIL_OrKE/maxresdefault.jpg,https://www.youtube.com/watch?v=AC2gIL_OrKE,2024-10-04 10:02:44.779+00,2024-10-04 10:02:44.779+00
350,الراعي الكذاب - طيور بيبي,https://i.ytimg.com/vi/UkQWkE7c0Yc/maxresdefault.jpg,https://www.youtube.com/watch?v=UkQWkE7c0Yc,2024-10-04 10:02:44.779+00,2024-10-04 10:02:44.779+00
167,الراعي الكذاب,https://i.ytimg.com/vi/lOvChylabHQ/maxresdefault.jpg,https://www.youtube.com/watch?v=lOvChylabHQ,2024-10-04 10:02:44.779+00,2024-10-04 10:02:44.779+00
78,الديك بيصحى - قناة بيبي الفضائية,https://i.ytimg.com/vi/5E-12ww1XuQ/maxresdefault.jpg,https://www.youtube.com/watch?v=5E-12ww1XuQ,2024-10-04 10:02:44.779+00,2024-10-04 10:02:44.779+00
158,الديك بيصحا,https://i.ytimg.com/vi/ao2ODVExpNM/maxresdefault.jpg,https://www.youtube.com/watch?v=ao2ODVExpNM,2024-10-04 10:02:44.779+00,2024-10-04 10:02:44.779+00
161,الدودة,https://i.ytimg.com/vi/0fjobyM4iXc/maxresdefault.jpg,https://www.youtube.com/watch?v=0fjobyM4iXc,2024-10-04 10:02:44.779+00,2024-10-04 10:02:44.779+00
192,الخيارة,https://i.ytimg.com/vi/x3raHSrbAto/maxresdefault.jpg,https://www.youtube.com/watch?v=x3raHSrbAto,2024-10-04 10:02:44.779+00,2024-10-04 10:02:44.779+00
345,الحواس الخمسة - طيور بيبي,https://i.ytimg.com/vi/WFcXa0n7RNY/maxresdefault.jpg,https://www.youtube.com/watch?v=WFcXa0n7RNY,2024-10-04 10:02:44.779+00,2024-10-04 10:02:44.779+00
174,الحواس الخمسة,https://i.ytimg.com/vi/N3KZDima8D4/maxresdefault.jpg,https://www.youtube.com/watch?v=N3KZDima8D4,2024-10-04 10:02:44.779+00,2024-10-04 10:02:44.779+00
435,الحلو صار يحبي - جنى مقداد  طيور بيبي,https://i.ytimg.com/vi/40KhSq6Kx9o/maxresdefault.jpg,https://www.youtube.com/watch?v=40KhSq6Kx9o,2024-10-04 10:02:44.779+00,2024-10-04 10:02:44.779+00
560,الحروف العربية من الالف الى الياء - الحروف الهجائية للأطفال,https://i.ytimg.com/vi/axgPbG-s4Tk/maxresdefault.jpg,https://www.youtube.com/watch?v=axgPbG-s4Tk,2024-10-04 10:02:44.779+00,2024-10-04 10:02:44.779+00
92,الحروف العربية  أغاني تعليمية للأطفال بالعربي,https://i.ytimg.com/vi/TR_oInfozK0/maxresdefault.jpg,https://www.youtube.com/watch?v=TR_oInfozK0,2024-10-04 10:02:44.779+00,2024-10-04 10:02:44.779+00
191,الجزرة,https://i.ytimg.com/vi/gVZicvYfsdI/maxresdefault.jpg,https://www.youtube.com/watch?v=gVZicvYfsdI,2024-10-04 10:02:44.779+00,2024-10-04 10:02:44.779+00
363,التنابز - طيور بيبي,https://i.ytimg.com/vi/qDptrFTqAVo/maxresdefault.jpg,https://www.youtube.com/watch?v=qDptrFTqAVo,2024-10-04 10:02:44.779+00,2024-10-04 10:02:44.779+00
187,التمرة,https://i.ytimg.com/vi/xBdEzYhhV48/maxresdefault.jpg,https://www.youtube.com/watch?v=xBdEzYhhV48,2024-10-04 10:02:44.779+00,2024-10-04 10:02:44.779+00
181,التفاحة,https://i.ytimg.com/vi/BOefmr2LddU/maxresdefault.jpg,https://www.youtube.com/watch?v=BOefmr2LddU,2024-10-04 10:02:44.779+00,2024-10-04 10:02:44.779+00
335,البندورة الحمرا - طيور بيبي,https://i.ytimg.com/vi/ZnSx-k1yk9M/maxresdefault.jpg,https://www.youtube.com/watch?v=ZnSx-k1yk9M,2024-10-04 10:02:44.779+00,2024-10-04 10:02:44.779+00
143,البندورة الحمرا,https://i.ytimg.com/vi/ZKivFLtMHuU/maxresdefault.jpg,https://www.youtube.com/watch?v=ZKivFLtMHuU,2024-10-04 10:02:44.779+00,2024-10-04 10:02:44.779+00
179,البطاطا,https://i.ytimg.com/vi/pGgIaSbNnBE/maxresdefault.jpg,https://www.youtube.com/watch?v=pGgIaSbNnBE,2024-10-04 10:02:44.779+00,2024-10-04 10:02:44.779+00
431,البرتقالة (بدون ايقاع) - قناة بيبي الفضائية   Channel,https://i.ytimg.com/vi/nZ5ndfXf3y4/maxresdefault.jpg,https://www.youtube.com/watch?v=nZ5ndfXf3y4,2024-10-04 10:02:44.779+00,2024-10-04 10:02:44.779+00
172,البرتقالة,https://i.ytimg.com/vi/Q4Vn0XdWfQk/maxresdefault.jpg,https://www.youtube.com/watch?v=Q4Vn0XdWfQk,2024-10-04 10:02:44.779+00,2024-10-04 10:02:44.779+00
371,"الببغاء ""بدون إيقاع"" - طيور بيبي",https://i.ytimg.com/vi/urq5A8x73Bc/maxresdefault.jpg,https://www.youtube.com/watch?v=urq5A8x73Bc,2024-10-04 10:02:44.779+00,2024-10-04 10:02:44.779+00
353,الببغاء - طيور بيبي,https://i.ytimg.com/vi/JsGk11TwWlQ/maxresdefault.jpg,https://www.youtube.com/watch?v=JsGk11TwWlQ,2024-10-04 10:02:44.779+00,2024-10-04 10:02:44.779+00
184,الببغاء,https://i.ytimg.com/vi/5l_mxkBlCrE/maxresdefault.jpg,https://www.youtube.com/watch?v=5l_mxkBlCrE,2024-10-04 10:02:44.779+00,2024-10-04 10:02:44.779+00
157,الأصابع,https://i.ytimg.com/vi/1isMv8AxUxI/maxresdefault.jpg,https://www.youtube.com/watch?v=1isMv8AxUxI,2024-10-04 10:02:44.779+00,2024-10-04 10:02:44.779+00
343,الأشكال - طيور بيبي,https://i.ytimg.com/vi/L_Fu5nZxRvA/maxresdefault.jpg,https://www.youtube.com/watch?v=L_Fu5nZxRvA,2024-10-04 10:02:44.779+00,2024-10-04 10:02:44.779+00
419,الأسنان (بدون إيقاع) - طيور بيبي,https://i.ytimg.com/vi/AmJR-CNR_vM/maxresdefault.jpg,https://www.youtube.com/watch?v=AmJR-CNR_vM,2024-10-04 10:02:44.779+00,2024-10-04 10:02:44.779+00
150,الأرنب والسلحفاة,https://i.ytimg.com/vi/hjbLRqG_IJI/maxresdefault.jpg,https://www.youtube.com/watch?v=hjbLRqG_IJI,2024-10-04 10:02:44.779+00,2024-10-04 10:02:44.779+00
151,الأرنب والثعلب   طيور بيبي,https://i.ytimg.com/vi/8NR5C9qWMDs/maxresdefault.jpg,https://www.youtube.com/watch?v=8NR5C9qWMDs,2024-10-04 10:02:44.779+00,2024-10-04 10:02:44.779+00
354,الأدب - طيور بيبي,https://i.ytimg.com/vi/OtxGXp_upWQ/maxresdefault.jpg,https://www.youtube.com/watch?v=OtxGXp_upWQ,2024-10-04 10:02:44.779+00,2024-10-04 10:02:44.779+00
112,الاحلام  اغاني اطفال للنوم,https://i.ytimg.com/vi/sDHZczIiBtg/maxresdefault.jpg,https://www.youtube.com/watch?v=sDHZczIiBtg,2024-10-04 10:02:44.779+00,2024-10-04 10:02:44.779+00
196,اغنية ياغنماتي ماء ماء + أجمل أغاني الأطفال  هالصيصان - ذهب الليل,https://i.ytimg.com/vi/56kMtm9RAEU/sddefault.jpg,https://www.youtube.com/watch?v=56kMtm9RAEU,2024-10-04 10:02:44.779+00,2024-10-04 10:02:44.779+00
552,اغنية يا غنماتي ماء مااء  اجمل اغاني الاطفال من,https://i.ytimg.com/vi/yMWLJjfTzm0/maxresdefault.jpg,https://www.youtube.com/watch?v=yMWLJjfTzm0,2024-10-04 10:02:44.779+00,2024-10-04 10:02:44.779+00
529,اغنية يا غنماتي ماء ماء الجديدة + اجمل اغاني الاطفال  Dany Tv,https://i.ytimg.com/vi/7aGVLy69AmE/sddefault.jpg,https://www.youtube.com/watch?v=7aGVLy69AmE,2024-10-04 10:02:44.779+00,2024-10-04 10:02:44.779+00
583,اغنية يا غنماتي ماء ماء + مجموعة من اجمل اغاني الاطفال,https://i.ytimg.com/vi/7f4nB39EbOw/sddefault.jpg,https://www.youtube.com/watch?v=7f4nB39EbOw,2024-10-04 10:02:44.779+00,2024-10-04 10:02:44.779+00
518,اغنية يا غنماتي ماء ماء  اجمل اغاني الاطفال,https://i.ytimg.com/vi/4utslr55UL8/sddefault.jpg,https://www.youtube.com/watch?v=4utslr55UL8,2024-10-04 10:02:44.779+00,2024-10-04 10:02:44.779+00
479,اغنية يا غنماتي  قناة طم طم للأطفال,https://i.ytimg.com/vi/MeMGYX474uY/maxresdefault.jpg,https://www.youtube.com/watch?v=MeMGYX474uY,2024-10-04 10:02:44.779+00,2024-10-04 10:02:44.779+00
254,اغنية هالصيصان شو حلوين نسخة عراقية  اغاني اطفال,https://i.ytimg.com/vi/s3Z8oLDeJ6o/maxresdefault.jpg,https://www.youtube.com/watch?v=s3Z8oLDeJ6o,2024-10-04 10:02:44.779+00,2024-10-04 10:02:44.779+00
576,اغنية هالصيصان شو حلوين + اجمل اغاني الاطفال  DanyTv,https://i.ytimg.com/vi/8cUGZU_Pzp4/maxresdefault.jpg,https://www.youtube.com/watch?v=8cUGZU_Pzp4,2024-10-04 10:02:44.779+00,2024-10-04 10:02:44.779+00
265,اغنية هالصيصان شو حلوين (نسخة عراقية)  اغاني اطفال,https://i.ytimg.com/vi/YMEGCdY1-xA/maxresdefault.jpg,https://www.youtube.com/watch?v=YMEGCdY1-xA,2024-10-04 10:02:44.779+00,2024-10-04 10:02:44.779+00
584,اغنية هالصيصان شو حلوين  اغاني الاطفال,https://i.ytimg.com/vi/_y9H4ICUSJA/sddefault.jpg,https://www.youtube.com/watch?v=_y9H4ICUSJA,2024-10-04 10:02:44.779+00,2024-10-04 10:02:44.779+00
246,اغنية هالصيصان شو حلوين -  لأغاني الاطفال,https://i.ytimg.com/vi/M7e49Y2KUjk/sddefault.jpg,https://www.youtube.com/watch?v=M7e49Y2KUjk,2024-10-04 10:02:44.779+00,2024-10-04 10:02:44.779+00
200,اغنية هالصيصان شو حلوين,https://i.ytimg.com/vi/6yn1cu-53Pw/sddefault.jpg,https://www.youtube.com/watch?v=6yn1cu-53Pw,2024-10-04 10:02:44.779+00,2024-10-04 10:02:44.779+00
569,اغنية هالصيصان الشطورين + اجمل اغاني الاطفال من,https://i.ytimg.com/vi/MSNGghyahNM/maxresdefault.jpg,https://www.youtube.com/watch?v=MSNGghyahNM,2024-10-04 10:02:44.779+00,2024-10-04 10:02:44.779+00
232,اغنية ماما زمانها جاية  اغاني اطفال,https://i.ytimg.com/vi/iLYQmdxAaqU/maxresdefault.jpg,https://www.youtube.com/watch?v=iLYQmdxAaqU,2024-10-04 10:02:44.779+00,2024-10-04 10:02:44.779+00
250,اغنية ماما زمانها جاية  اغاني اطفال,https://i.ytimg.com/vi/COZkn9RYYF0/maxresdefault.jpg,https://www.youtube.com/watch?v=COZkn9RYYF0,2024-10-04 10:02:44.779+00,2024-10-04 10:02:44.779+00
222,اغنية ماما زمانها جاية   Bazona Tv #اغاني اطفال #هالصيصان #ذهب الليل #الالوان,https://i.ytimg.com/vi/KtE5MruVSNs/maxresdefault.jpg,https://www.youtube.com/watch?v=KtE5MruVSNs,2024-10-04 10:02:44.779+00,2024-10-04 10:02:44.779+00
256,اغنية ماما زمانها جاية - اناشيد اطفال - اغاني اطفال,https://i.ytimg.com/vi/7WQ8tNNnj2E/maxresdefault.jpg,https://www.youtube.com/watch?v=7WQ8tNNnj2E,2024-10-04 10:02:44.779+00,2024-10-04 10:02:44.779+00
267,اغنية ماما زمانها جاية - اغاني اطفال,https://i.ytimg.com/vi/raPyxEnbTic/maxresdefault.jpg,https://www.youtube.com/watch?v=raPyxEnbTic,2024-10-04 10:02:44.779+00,2024-10-04 10:02:44.779+00
261,اغنية ماما زماتها جاية الجديدة  اغاني اطفال,https://i.ytimg.com/vi/3S0_i4Cd8u0/maxresdefault.jpg,https://www.youtube.com/watch?v=3S0_i4Cd8u0,2024-10-04 10:02:44.779+00,2024-10-04 10:02:44.779+00
95,اغنية ماما  أجمل أغاني عيد الأمهات (2021),https://i.ytimg.com/vi/9-pyD2TIcFk/maxresdefault.jpg,https://www.youtube.com/watch?v=9-pyD2TIcFk,2024-10-04 10:02:44.779+00,2024-10-04 10:02:44.779+00
89,اغنية لعبنا ٢  اغاني حماسية للاطفال,https://i.ytimg.com/vi/E4AyB6MlNmk/maxresdefault.jpg,https://www.youtube.com/watch?v=E4AyB6MlNmk,2024-10-04 10:02:44.779+00,2024-10-04 10:02:44.779+00
109,اغنية لعبنا   اغاني ترتيب الالعاب للاطفال,https://i.ytimg.com/vi/DsR4eIFVLgQ/maxresdefault.jpg,https://www.youtube.com/watch?v=DsR4eIFVLgQ,2024-10-04 10:02:44.779+00,2024-10-04 10:02:44.779+00
593,اغنية قفز الارنب خاف الارنب كنت قريبا منه العب  انشودة رفيقي الأرنب,https://i.ytimg.com/vi/_tLKrYK_nAA/sddefault.jpg,https://www.youtube.com/watch?v=_tLKrYK_nAA,2024-10-04 10:02:44.779+00,2024-10-04 10:02:44.779+00
240,اغنية قطتي الصغيرة  اغاني اطفال,https://i.ytimg.com/vi/ZN56l0Gd5Rc/sddefault.jpg,https://www.youtube.com/watch?v=ZN56l0Gd5Rc,2024-10-04 10:02:44.779+00,2024-10-04 10:02:44.779+00
252,اغنية غسل وشك ياقمر بالصابونة والحجر  اغاني اطفال,https://i.ytimg.com/vi/-6sYwhe68vA/maxresdefault.jpg,https://www.youtube.com/watch?v=-6sYwhe68vA,2024-10-04 10:02:44.779+00,2024-10-04 10:02:44.779+00
262,اغنية غسل وشك يادقمر من   اغاني اطفال,https://i.ytimg.com/vi/ZPz5TeU8HgE/maxresdefault.jpg,https://www.youtube.com/watch?v=ZPz5TeU8HgE,2024-10-04 10:02:44.779+00,2024-10-04 10:02:44.779+00
523,اغنية غسل وشك يا قمر بالصابونة والحجر وينك يا قمر   لاغاني الاطفال Dany Tv,https://i.ytimg.com/vi/lDewj2eeSok/maxresdefault.jpg,https://www.youtube.com/watch?v=lDewj2eeSok,2024-10-04 10:02:44.779+00,2024-10-04 10:02:44.779+00
534,اغنية غسل وشك يا قمر بالصابونة والحجر وينك يا قمر   لاغاني الاطفال,https://i.ytimg.com/vi/pl63i1rKOt8/maxresdefault.jpg,https://www.youtube.com/watch?v=pl63i1rKOt8,2024-10-04 10:02:44.779+00,2024-10-04 10:02:44.779+00
570,اغنية غسل وشك يا قمر بالصابونة والحجر وينك يا قمر ,https://i.ytimg.com/vi/jyztgmWRYHA/maxresdefault.jpg,https://www.youtube.com/watch?v=jyztgmWRYHA,2024-10-04 10:02:44.779+00,2024-10-04 10:02:44.779+00
255,اغنية غسل وشك يا قمر بالصابونة والحجر وين يا قمر  اغاني اطفال,https://i.ytimg.com/vi/mVzy27OxCys/maxresdefault.jpg,https://www.youtube.com/watch?v=mVzy27OxCys,2024-10-04 10:02:44.779+00,2024-10-04 10:02:44.779+00
515,اغنية عجلات الحافلة تدور - أغاني أطفال,https://i.ytimg.com/vi/enP7Kbj1ykk/maxresdefault.jpg,https://www.youtube.com/watch?v=enP7Kbj1ykk,2024-10-04 10:02:44.779+00,2024-10-04 10:02:44.779+00
548,اغنية طاق طاقية انا البقرة ياعنية - البقرة موو  اجمل اغاني الاطفال من,https://i.ytimg.com/vi/36k5AIMSNDA/maxresdefault.jpg,https://www.youtube.com/watch?v=36k5AIMSNDA,2024-10-04 10:02:44.779+00,2024-10-04 10:02:44.779+00
557,اغنية شرطة الأطفال - الو الو يا شرطة تعالو,https://i.ytimg.com/vi/XptjdgdXDr8/maxresdefault.jpg,https://www.youtube.com/watch?v=XptjdgdXDr8,2024-10-04 10:02:44.779+00,2024-10-04 10:02:44.779+00
543,اغنية رفيقي الارنب  قفز الارنب خاف الارنب,https://i.ytimg.com/vi/0VpErTOctm4/maxresdefault.jpg,https://www.youtube.com/watch?v=0VpErTOctm4,2024-10-04 10:02:44.779+00,2024-10-04 10:02:44.779+00
238,اغنية ذهب الليل وهالصيصان شو حلوين والفواكه   بزونة,https://i.ytimg.com/vi/jWciLSif3Fc/sddefault.jpg,https://www.youtube.com/watch?v=jWciLSif3Fc,2024-10-04 10:02:44.779+00,2024-10-04 10:02:44.779+00
533,اغنية ذهب الليل طلع الفجر والعصفور صو صو,https://i.ytimg.com/vi/pbyUWN8n4Eg/maxresdefault.jpg,https://www.youtube.com/watch?v=pbyUWN8n4Eg,2024-10-04 10:02:44.779+00,2024-10-04 10:02:44.779+00
589,اغنية ذهب الليل طلع الفجر + اجمل اغاني الاطفال من,https://i.ytimg.com/vi/4T3gL-fAxKk/maxresdefault.jpg,https://www.youtube.com/watch?v=4T3gL-fAxKk,2024-10-04 10:02:44.779+00,2024-10-04 10:02:44.779+00
253,اغنية ذهب الليل طلع الفجر  الجديدة  اغاني اطفال,https://i.ytimg.com/vi/Q9SrWthxiVM/maxresdefault.jpg,https://www.youtube.com/watch?v=Q9SrWthxiVM,2024-10-04 10:02:44.779+00,2024-10-04 10:02:44.779+00
243,اغنية ذهب الليل طلع الفجر  اغاني اطفال,https://i.ytimg.com/vi/cHhCPfxRkQY/maxresdefault.jpg,https://www.youtube.com/watch?v=cHhCPfxRkQY,2024-10-04 10:02:44.779+00,2024-10-04 10:02:44.779+00
616,اغنية ذهب الليل طلع الفجر  اجمل اغاني الاطفال من,https://i.ytimg.com/vi/NH_tOVlNWzE/sddefault.jpg,https://www.youtube.com/watch?v=NH_tOVlNWzE,2024-10-04 10:02:44.779+00,2024-10-04 10:02:44.779+00
562,اغنية ذهب الليل طلع الفجر  DanyTv,https://i.ytimg.com/vi/QIO6TFvmE4w/maxresdefault.jpg,https://www.youtube.com/watch?v=QIO6TFvmE4w,2024-10-04 10:02:44.779+00,2024-10-04 10:02:44.779+00
203,اغنية ذهب الليل طلع الفجر - هالصيصان شو حلوين - الفواكه - الألوان - يا غنماتي,https://i.ytimg.com/vi/85shtQ47vi8/sddefault.jpg,https://www.youtube.com/watch?v=85shtQ47vi8,2024-10-04 10:02:44.779+00,2024-10-04 10:02:44.779+00
259,اغنية ذهب الليل طلع الفجر - اغاني اطفال,https://i.ytimg.com/vi/Sz7hsilHcKo/maxresdefault.jpg,https://www.youtube.com/watch?v=Sz7hsilHcKo,2024-10-04 10:02:44.779+00,2024-10-04 10:02:44.779+00
524,اغنية ذهب الليل طلع الفجر,https://i.ytimg.com/vi/yNDivzgsBzs/maxresdefault.jpg,https://www.youtube.com/watch?v=yNDivzgsBzs,2024-10-04 10:02:44.779+00,2024-10-04 10:02:44.779+00
266,اغنية ذهب الليل برسوم جديدة  اغاني اطفال,https://i.ytimg.com/vi/PNRmxGg-sDk/maxresdefault.jpg,https://www.youtube.com/watch?v=PNRmxGg-sDk,2024-10-04 10:02:44.779+00,2024-10-04 10:02:44.779+00
514,اغنية خلف البيت - قناة طم طم للأطفال,https://i.ytimg.com/vi/OqZUe-B_cV8/maxresdefault.jpg,https://www.youtube.com/watch?v=OqZUe-B_cV8,2024-10-04 10:02:44.779+00,2024-10-04 10:02:44.779+00
597,اغنية جدو علي يوم الجمعة,https://i.ytimg.com/vi/uJyULIzbxdc/sddefault.jpg,https://www.youtube.com/watch?v=uJyULIzbxdc,2024-10-04 10:02:44.779+00,2024-10-04 10:02:44.779+00
519,اغنية تيتا وجدو + اجمل اغاني الاطفال من,https://i.ytimg.com/vi/WH9Jn-Et9c8/maxresdefault.jpg,https://www.youtube.com/watch?v=WH9Jn-Et9c8,2024-10-04 10:02:44.779+00,2024-10-04 10:02:44.779+00
602,اغنية توت توت قطر صغنطوط  توت توت ياكتكوت  داني تي في - DanyTv,https://i.ytimg.com/vi/0S03jcGSriw/maxresdefault.jpg,https://www.youtube.com/watch?v=0S03jcGSriw,2024-10-04 10:02:44.779+00,2024-10-04 10:02:44.779+00
598,اغنية توت توت قطر صغنطوط  توت توت يا كتكوت,https://i.ytimg.com/vi/d59vjGmr58k/sddefault.jpg,https://www.youtube.com/watch?v=d59vjGmr58k,2024-10-04 10:02:44.779+00,2024-10-04 10:02:44.779+00
526,اغنية توت توت قطر صغنطوط - توت توت يا كتكوت  اغاني الاطفال من,https://i.ytimg.com/vi/prU_s0CvrqQ/maxresdefault.jpg,https://www.youtube.com/watch?v=prU_s0CvrqQ,2024-10-04 10:02:44.779+00,2024-10-04 10:02:44.779+00
536,اغنية انا الفرخة واحنا الكتاكيت,https://i.ytimg.com/vi/nxIsYnP_3QU/maxresdefault.jpg,https://www.youtube.com/watch?v=nxIsYnP_3QU,2024-10-04 10:02:44.779+00,2024-10-04 10:02:44.779+00
579,اغنية القطة المشمشية + اجمل اغاني الاطفال,https://i.ytimg.com/vi/Kb1Oya7sBT0/sddefault.jpg,https://www.youtube.com/watch?v=Kb1Oya7sBT0,2024-10-04 10:02:44.779+00,2024-10-04 10:02:44.779+00
258,اغنية الفواكه لتعليم الاطفال  اغاني تعليمية للاطفال من,https://i.ytimg.com/vi/A3r40q8zTKE/maxresdefault.jpg,https://www.youtube.com/watch?v=A3r40q8zTKE,2024-10-04 10:02:44.779+00,2024-10-04 10:02:44.779+00
601,اغنية الفواكه لتعليم اسماء واشكال الفواكه للاطفال  اغاني الاطفال من,https://i.ytimg.com/vi/AffL4dKgS6w/sddefault.jpg,https://www.youtube.com/watch?v=AffL4dKgS6w,2024-10-04 10:02:44.779+00,2024-10-04 10:02:44.779+00
587,اغنية الفواكه اللذيذة + اجمل اغاني الاطفال من,https://i.ytimg.com/vi/zIV2SiyZI78/sddefault.jpg,https://www.youtube.com/watch?v=zIV2SiyZI78,2024-10-04 10:02:44.779+00,2024-10-04 10:02:44.779+00
605,اغنية الفواكه اللذيذة  اغاني الاطفال,https://i.ytimg.com/vi/R2mdZt84IS4/maxresdefault.jpg,https://www.youtube.com/watch?v=R2mdZt84IS4,2024-10-04 10:02:44.779+00,2024-10-04 10:02:44.779+00
229,اغنية الفواكه الجميلة  اجمل اغاني الاطفال,https://i.ytimg.com/vi/jAGzEs7wEas/maxresdefault.jpg,https://www.youtube.com/watch?v=jAGzEs7wEas,2024-10-04 10:02:44.779+00,2024-10-04 10:02:44.779+00
198,اغنية الفواكه الجديدة للاطفال من  #فواكه,https://i.ytimg.com/vi/8_z0M7Hekrc/sddefault.jpg,https://www.youtube.com/watch?v=8_z0M7Hekrc,2024-10-04 10:02:44.779+00,2024-10-04 10:02:44.779+00
218,اغنية الفواكه الجديدة للاطفال  اجمل اغاني الاطفال من,https://i.ytimg.com/vi/EskciMU9ZC4/maxresdefault.jpg,https://www.youtube.com/watch?v=EskciMU9ZC4,2024-10-04 10:02:44.779+00,2024-10-04 10:02:44.779+00
596,اغنية الفواكه الجديدة + اجمل اغاني الاطفال من  #فواكه,https://i.ytimg.com/vi/b2p5admt1qU/sddefault.jpg,https://www.youtube.com/watch?v=b2p5admt1qU,2024-10-04 10:02:44.779+00,2024-10-04 10:02:44.779+00
522,اغنية الفواكه الجديدة  اجمل اغاني الاطفال من,https://i.ytimg.com/vi/myrVtnQ5y_E/sddefault.jpg,https://www.youtube.com/watch?v=myrVtnQ5y_E,2024-10-04 10:02:44.779+00,2024-10-04 10:02:44.779+00
247,اغنية الفواكه الجديدة   للأطفال,https://i.ytimg.com/vi/nZZpo045TXQ/maxresdefault.jpg,https://www.youtube.com/watch?v=nZZpo045TXQ,2024-10-04 10:02:44.779+00,2024-10-04 10:02:44.779+00
264,اغنية الفواكه الجديدة,https://i.ytimg.com/vi/ul8-b9ppRJA/maxresdefault.jpg,https://www.youtube.com/watch?v=ul8-b9ppRJA,2024-10-04 10:02:44.779+00,2024-10-04 10:02:44.779+00
621,اغنية الفواكه - تعليم اشكال واسماء الفواكه للاطفال  الفواكه الشهية يم يم,https://i.ytimg.com/vi/R1W-RuGIq-I/maxresdefault.jpg,https://www.youtube.com/watch?v=R1W-RuGIq-I,2024-10-04 10:02:44.779+00,2024-10-04 10:02:44.779+00
613,اغنية الفواكه - تعليم اسماء واشكال الفواكه,https://i.ytimg.com/vi/paYcrwvPUVw/maxresdefault.jpg,https://www.youtube.com/watch?v=paYcrwvPUVw,2024-10-04 10:02:44.779+00,2024-10-04 10:02:44.779+00
204,اغنية الغنمات الجديد  يا غنماتي ماء ماء  اغاني اطفال,https://i.ytimg.com/vi/1wadMV18R6k/maxresdefault.jpg,https://www.youtube.com/watch?v=1wadMV18R6k,2024-10-04 10:02:44.779+00,2024-10-04 10:02:44.779+00
559,اغنية الصيصان شو حلوين الجديدة + اجمل اغاني الاطفال   - DanyTv,https://i.ytimg.com/vi/oiSsE-Q5SZQ/hqdefault.jpg,https://www.youtube.com/watch?v=oiSsE-Q5SZQ,2024-10-04 10:02:44.779+00,2024-10-04 10:02:44.779+00
595,اغنية الصيصان شو حلوين #الصيصان #هالصيصان,https://i.ytimg.com/vi/lCBifKTdho0/sddefault.jpg,https://www.youtube.com/watch?v=lCBifKTdho0,2024-10-04 10:02:44.779+00,2024-10-04 10:02:44.779+00
620,اغنية الصيصان شو حلوين,https://i.ytimg.com/vi/q0h_rNkzdbY/sddefault.jpg,https://www.youtube.com/watch?v=q0h_rNkzdbY,2024-10-04 10:02:44.779+00,2024-10-04 10:02:44.779+00
224,اغنية الصيصان الحلوين وذهب الليل,https://i.ytimg.com/vi/P0MQ3Tim2qU/sddefault.jpg,https://www.youtube.com/watch?v=P0MQ3Tim2qU,2024-10-04 10:02:44.779+00,2024-10-04 10:02:44.779+00
257,اغنية الصيصان الحلوين الجديدة  هالصيصان شو حلوين  اغاني اطفال,https://i.ytimg.com/vi/XWkikeD12DI/sddefault.jpg,https://www.youtube.com/watch?v=XWkikeD12DI,2024-10-04 10:02:44.779+00,2024-10-04 10:02:44.779+00
547,اغنية الصيصان الحلوين - هالصيصان شو حلوين,https://i.ytimg.com/vi/P6mKDDFkHqM/sddefault.jpg,https://www.youtube.com/watch?v=P6mKDDFkHqM,2024-10-04 10:02:44.779+00,2024-10-04 10:02:44.779+00
619,اغنية الصيصان  هالصيصان شو حلوين,https://i.ytimg.com/vi/zCByrithsoI/maxresdefault.jpg,https://www.youtube.com/watch?v=zCByrithsoI,2024-10-04 10:02:44.779+00,2024-10-04 10:02:44.779+00
542,اغنية الصيصان  اغنية هالصيصان شو حلوين #هالصيصان,https://i.ytimg.com/vi/Umm7BY23vEU/maxresdefault.jpg,https://www.youtube.com/watch?v=Umm7BY23vEU,2024-10-04 10:02:44.779+00,2024-10-04 10:02:44.779+00
260,اغنية الصيصان - هالصيصان شو حلوين,https://i.ytimg.com/vi/zqY4h7crzQU/maxresdefault.jpg,https://www.youtube.com/watch?v=zqY4h7crzQU,2024-10-04 10:02:44.779+00,2024-10-04 10:02:44.779+00
531,اغنية الخيار اللذيذ  اغنية الخضروات,https://i.ytimg.com/vi/n3qsOFWBTYY/maxresdefault.jpg,https://www.youtube.com/watch?v=n3qsOFWBTYY,2024-10-04 10:02:44.779+00,2024-10-04 10:02:44.779+00
516,اغنية الخيار اللذيذ - الخضروات هم هم يم يم   لاغاني الاطفال,https://i.ytimg.com/vi/p-rdfoFkBU8/maxresdefault.jpg,https://www.youtube.com/watch?v=p-rdfoFkBU8,2024-10-04 10:02:44.779+00,2024-10-04 10:02:44.779+00
600,اغنية الخضروات والفواكه الجديدة + مجموعة اغاني الاطفال,https://i.ytimg.com/vi/zHDjmuzF9WQ/sddefault.jpg,https://www.youtube.com/watch?v=zHDjmuzF9WQ,2024-10-04 10:02:44.779+00,2024-10-04 10:02:44.779+00
555,اغنية الخضروات والفواكه الجديدة,https://i.ytimg.com/vi/gnAuR7moY84/maxresdefault.jpg,https://www.youtube.com/watch?v=gnAuR7moY84,2024-10-04 10:02:44.779+00,2024-10-04 10:02:44.779+00
578,اغنية الخضروات الجديدة + اجمل اغاني الاطفال,https://i.ytimg.com/vi/_Lf_ABmOkSE/sddefault.jpg,https://www.youtube.com/watch?v=_Lf_ABmOkSE,2024-10-04 10:02:44.779+00,2024-10-04 10:02:44.779+00
609,اغنية الخضروات الجديدة #خضروات,https://i.ytimg.com/vi/jiQbOilHTbs/sddefault.jpg,https://www.youtube.com/watch?v=jiQbOilHTbs,2024-10-04 10:02:44.779+00,2024-10-04 10:02:44.779+00
540,اغنية الخضروات الجديدة,https://i.ytimg.com/vi/4CjZcA4GgAo/maxresdefault.jpg,https://www.youtube.com/watch?v=4CjZcA4GgAo,2024-10-04 10:02:44.779+00,2024-10-04 10:02:44.779+00
537,اغنية الخضروات - طمطومة + اجمل اغاني الاطفال من,https://i.ytimg.com/vi/IfD1WpXqRtQ/maxresdefault.jpg,https://www.youtube.com/watch?v=IfD1WpXqRtQ,2024-10-04 10:02:44.779+00,2024-10-04 10:02:44.779+00
575,اغنية الحيوانات الجديدة + اجمل اغاني الاطفال,https://i.ytimg.com/vi/7zJkGLuza8A/maxresdefault.jpg,https://www.youtube.com/watch?v=7zJkGLuza8A,2024-10-04 10:02:44.779+00,2024-10-04 10:02:44.779+00
608,اغنية الحيوانات الجديدة  animals song,https://i.ytimg.com/vi/WlvLfvFKd70/maxresdefault.jpg,https://www.youtube.com/watch?v=WlvLfvFKd70,2024-10-04 10:02:44.779+00,2024-10-04 10:02:44.779+00
611,اغنية الحيوانات  اصوات الحيوانات,https://i.ytimg.com/vi/SnQdSBQNWF0/sddefault.jpg,https://www.youtube.com/watch?v=SnQdSBQNWF0,2024-10-04 10:02:44.779+00,2024-10-04 10:02:44.779+00
556,اغنية الحيوانات - جدو علي يوم الجمعة  - DanyTv,https://i.ytimg.com/vi/1V8dfcaHjpg/sddefault.jpg,https://www.youtube.com/watch?v=1V8dfcaHjpg,2024-10-04 10:02:44.779+00,2024-10-04 10:02:44.779+00
490,اغنية الحروف العربية بدون موسيقى للأطفال - قناة طم طم,https://i.ytimg.com/vi/8VzgJVvjpVI/maxresdefault.jpg,https://www.youtube.com/watch?v=8VzgJVvjpVI,2024-10-04 10:02:44.779+00,2024-10-04 10:02:44.779+00
292,اغنية البقرة للأطفال  عالم داني,https://i.ytimg.com/vi/t94uSihpsXk/maxresdefault.jpg,https://www.youtube.com/watch?v=t94uSihpsXk,2024-10-04 10:02:44.779+00,2024-10-04 10:02:44.779+00
624,اغنية البطاطا البطبوطة,https://i.ytimg.com/vi/VVyyVZ0z-OU/maxresdefault.jpg,https://www.youtube.com/watch?v=VVyyVZ0z-OU,2024-10-04 10:02:44.779+00,2024-10-04 10:02:44.779+00
588,اغنية البطات الخمسة five little ducks  #fivelittleducks,https://i.ytimg.com/vi/Kmgc-ot1hnU/sddefault.jpg,https://www.youtube.com/watch?v=Kmgc-ot1hnU,2024-10-04 10:02:44.779+00,2024-10-04 10:02:44.779+00
573,اغنية البطات الخمسة,https://i.ytimg.com/vi/UQDrfz5tOWs/sddefault.jpg,https://www.youtube.com/watch?v=UQDrfz5tOWs,2024-10-04 10:02:44.779+00,2024-10-04 10:02:44.779+00
568,اغنية الأشكال واجمل اغاني الاطفال من  DanyTv,https://i.ytimg.com/vi/aKYWwu1Y9cY/maxresdefault.jpg,https://www.youtube.com/watch?v=aKYWwu1Y9cY,2024-10-04 10:02:44.779+00,2024-10-04 10:02:44.779+00
530,اغنية الأشكال واجمل اغاني الاطفال   DanyTv,https://i.ytimg.com/vi/tdCpUyyxxNs/maxresdefault.jpg,https://www.youtube.com/watch?v=tdCpUyyxxNs,2024-10-04 10:02:44.779+00,2024-10-04 10:02:44.779+00
545,اغنية الأشكال + اجمل اغاني الاطفال من  - DanyTv,https://i.ytimg.com/vi/BN_R6zNAbmI/maxresdefault.jpg,https://www.youtube.com/watch?v=BN_R6zNAbmI,2024-10-04 10:02:44.779+00,2024-10-04 10:02:44.779+00
99,اغنية الأشكال  تعليم الاطفال الأشكال الهندسية,https://i.ytimg.com/vi/zGfzhpolbtE/maxresdefault.jpg,https://www.youtube.com/watch?v=zGfzhpolbtE,2024-10-04 10:02:44.779+00,2024-10-04 10:02:44.779+00
604,اغنية الأشكال - اجمل اغاني الاطفال,https://i.ytimg.com/vi/ous8FegRvFE/sddefault.jpg,https://www.youtube.com/watch?v=ous8FegRvFE,2024-10-04 10:02:44.779+00,2024-10-04 10:02:44.779+00
582,اغنية الالوان لالالالا colors الجديدة,https://i.ytimg.com/vi/uLOWIsGFt8I/sddefault.jpg,https://www.youtube.com/watch?v=uLOWIsGFt8I,2024-10-04 10:02:44.779+00,2024-10-04 10:02:44.779+00
91,اغنية الالوان  تعليم الألوان للأطفال,https://i.ytimg.com/vi/zK9qWNt8s3o/maxresdefault.jpg,https://www.youtube.com/watch?v=zK9qWNt8s3o,2024-10-04 10:02:44.779+00,2024-10-04 10:02:44.779+00
285,اغنية الاطفال الجميلة ذهب الليل,https://i.ytimg.com/vi/HIUPlhrTPv4/maxresdefault.jpg,https://www.youtube.com/watch?v=HIUPlhrTPv4,2024-10-04 10:02:44.779+00,2024-10-04 10:02:44.779+00
98,اغنية الاجازة جاية  نعمل ايه في الاجازة !!,https://i.ytimg.com/vi/cPhmXWLrNyE/maxresdefault.jpg,https://www.youtube.com/watch?v=cPhmXWLrNyE,2024-10-04 10:02:44.779+00,2024-10-04 10:02:44.779+00
293,اغنية #ذهب_الليل طلع الفجر الجديدة نسخة عراقية,https://i.ytimg.com/vi/j3-GhZiyLwY/maxresdefault.jpg,https://www.youtube.com/watch?v=j3-GhZiyLwY,2024-10-04 10:02:44.779+00,2024-10-04 10:02:44.779+00
279,اغاني واناشيد اطفال(5),https://i.ytimg.com/vi/wEHfWo8bkrA/maxresdefault.jpg,https://www.youtube.com/watch?v=wEHfWo8bkrA,2024-10-04 10:02:44.779+00,2024-10-04 10:02:44.779+00
410,اغاني طيور الجنة جديدة اغنية الديك بيصحا بدون ايقاع,https://i.ytimg.com/vi/ksE1hBxTHpc/sddefault.jpg,https://www.youtube.com/watch?v=ksE1hBxTHpc,2024-10-04 10:02:44.779+00,2024-10-04 10:02:44.779+00
282,اغاني اطفال هالصيصان ذهب الليل والالوان والبقرة,https://i.ytimg.com/vi/rqueZSGdvw8/maxresdefault.jpg,https://www.youtube.com/watch?v=rqueZSGdvw8,2024-10-04 10:02:44.779+00,2024-10-04 10:02:44.779+00
129,اغاني اطفال ذهب اليل‎.flv,https://i.ytimg.com/vi/xNu8Fi2o1Mg/hqdefault.jpg,https://www.youtube.com/watch?v=xNu8Fi2o1Mg,2024-10-04 10:02:44.779+00,2024-10-04 10:02:44.779+00
213,اغاني اطفال   ماما زمانها جايه   هالصيصان شو حلوين الالوان و ذهب الليل طلع الفجر,https://i.ytimg.com/vi/uCugZai4qsA/maxresdefault.jpg,https://www.youtube.com/watch?v=uCugZai4qsA,2024-10-04 10:02:44.779+00,2024-10-04 10:02:44.779+00
276,اغاني اطفال - انتشيد اطفال,https://i.ytimg.com/vi/nWmxa5LMpYk/maxresdefault.jpg,https://www.youtube.com/watch?v=nWmxa5LMpYk,2024-10-04 10:02:44.779+00,2024-10-04 10:02:44.779+00
396,اجا العيد (بدون إيقاع) - عصومي ووليد  طيور الجنة,https://i.ytimg.com/vi/6tvEN_Kq0LM/maxresdefault.jpg,https://www.youtube.com/watch?v=6tvEN_Kq0LM,2024-10-04 10:02:44.779+00,2024-10-04 10:02:44.779+00
111,اتعرف على كل الالوان مع هنا وهادى,https://i.ytimg.com/vi/lX18Fwf3QtY/maxresdefault.jpg,https://www.youtube.com/watch?v=lX18Fwf3QtY,2024-10-04 10:02:44.779+00,2024-10-04 10:02:44.779+00
376,ابو الوليد وعياله (بدون إيقاع) - المقاديد   طيور الجنة,https://i.ytimg.com/vi/t8cEDcN7Vd4/maxresdefault.jpg,https://www.youtube.com/watch?v=t8cEDcN7Vd4,2024-10-04 10:02:44.779+00,2024-10-04 10:02:44.779+00
70,ابريق الشاي  قناة مرح - marah tv,https://i.ytimg.com/vi/xUWo8GE3Rm4/sddefault.jpg,https://www.youtube.com/watch?v=xUWo8GE3Rm4,2024-10-04 10:02:44.779+00,2024-10-04 10:02:44.779+00
339,ا اطفال ياحلوين اشربوا الحليب,https://i.ytimg.com/vi/Gxuej2eDjJM/hqdefault.jpg,https://www.youtube.com/watch?v=Gxuej2eDjJM,2024-10-04 10:02:44.779+00,2024-10-04 10:02:44.779+00
120,Nadina - Vola Palombella ‬‎ ڤولا بالومبيلا,https://i.ytimg.com/vi/a_3njaKcQEI/hqdefault.jpg,https://www.youtube.com/watch?v=a_3njaKcQEI,2024-10-04 10:02:44.779+00,2024-10-04 10:02:44.779+00
451,Learning Arabic Alphabet with Wooden Puzzle #Part1 for Kids Abata Channel,https://i.ytimg.com/vi/tJgkPTbfEeU/maxresdefault.jpg,https://www.youtube.com/watch?v=tJgkPTbfEeU,2024-10-04 10:02:44.779+00,2024-10-04 10:02:44.779+00
443,Learn The Numbers In Arabic تعلم الارقام بالعربية - كارتون للاطفال,https://i.ytimg.com/vi/fIMOkV63X5I/maxresdefault.jpg,https://www.youtube.com/watch?v=fIMOkV63X5I,2024-10-04 10:02:44.779+00,2024-10-04 10:02:44.779+00
453,Learn the Arabic Alphabet Letters & Sounds صوتيات الأحرف الأبجدية العربية  Language Learning Market,https://i.ytimg.com/vi/er5F_E1_mp4/maxresdefault.jpg,https://www.youtube.com/watch?v=er5F_E1_mp4,2024-10-04 10:02:44.779+00,2024-10-04 10:02:44.779+00
442,Learn Colors in Arabic for Kids   تعليم الألوان للاطفال باللغة العربية مع سوبر جميل,https://i.ytimg.com/vi/qJfExw_hpTI/maxresdefault.jpg,https://www.youtube.com/watch?v=qJfExw_hpTI,2024-10-04 10:02:44.779+00,2024-10-04 10:02:44.779+00
440,Learn Colors and Numbers in arabic for kids - تعليم الأطفال الأرقام  والألوان باللغة العربية,https://i.ytimg.com/vi/xkXedgaE01w/maxresdefault.jpg,https://www.youtube.com/watch?v=xkXedgaE01w,2024-10-04 10:02:44.779+00,2024-10-04 10:02:44.779+00
130,Hala Al Turk - Happy Happy  #حلا_الترك - هابي هابي,https://i.ytimg.com/vi/X_DeGCloQWg/maxresdefault.jpg,https://www.youtube.com/watch?v=X_DeGCloQWg,2024-10-04 10:02:44.779+00,2024-10-04 10:02:44.779+00
462,Arabic alphabet song 0 - Alphabet arabe chanson 0 - 0 أنشودة الحروف العربية,https://i.ytimg.com/vi/U1Cl6W8EEBQ/maxresdefault.jpg,https://www.youtube.com/watch?v=U1Cl6W8EEBQ,2024-10-04 10:02:44.779+00,2024-10-04 10:02:44.779+00
458,Arabic alphabet song  4 - Alphabet arabe chanson 4 - 4 أنشودة الحروف العربية,https://i.ytimg.com/vi/dV10JUEWG38/maxresdefault.jpg,https://www.youtube.com/watch?v=dV10JUEWG38,2024-10-04 10:02:44.779+00,2024-10-04 10:02:44.779+00
461,Arabic alphabet song  3 - Alphabet arabe chanson 3 - 3 أنشودة الحروف العربية,https://i.ytimg.com/vi/5yO433hdR2M/maxresdefault.jpg,https://www.youtube.com/watch?v=5yO433hdR2M,2024-10-04 10:02:44.779+00,2024-10-04 10:02:44.779+00
358,7 أولاد - طيور بيبي,https://i.ytimg.com/vi/ONyNnu-HUGY/maxresdefault.jpg,https://www.youtube.com/watch?v=ONyNnu-HUGY,2024-10-04 10:02:44.779+00,2024-10-04 10:02:44.779+00
385,7 اولاد (بدون إيقاع)  طيور بيبي,https://i.ytimg.com/vi/8cAhYRYIlEU/maxresdefault.jpg,https://www.youtube.com/watch?v=8cAhYRYIlEU,2024-10-04 10:02:44.779+00,2024-10-04 10:02:44.779+00
168,3 عصافير  - طيور بيبي,https://i.ytimg.com/vi/LCrqaSYjPd8/maxresdefault.jpg,https://www.youtube.com/watch?v=LCrqaSYjPd8,2024-10-04 10:02:44.779+00,2024-10-04 10:02:44.779+00
423,"(أنشودة ذات نهار)   أناشيد أطفال بدون موسيقى ,معازف او ايقاع",https://i.ytimg.com/vi/0Am12iHTnrY/hqdefault.jpg,https://www.youtube.com/watch?v=0Am12iHTnrY,2024-10-04 10:02:44.779+00,2024-10-04 10:02:44.779+00
