id,spacetoonSongName,spacetoonSongImage,spacetoonSongLink,created_at,updated_at
1,شارة بابار فيل,https://i.imgur.com/Q8UEw3Q.jpeg,https://www.dropbox.com/scl/fi/sce63yyoo7rvvr5qrhuvw/.mp4?rlkey=964t9kaudxacn8y2bb5n2g43j&st=ma7a96ng&raw=1,2024-08-28 08:12:20.588654+00,2024-08-28 08:12:20.588654+00
2,شارة أنا و أخي,https://i.imgur.com/2wQg3yu.jpeg,https://www.dropbox.com/scl/fi/s07ia9otbjxl05h1gxauw/Spacetoon.mp4?rlkey=qednl6c89kdqvp4o6lbsr6pjc&st=8f8rjr12&raw=1,2024-08-28 08:21:18.074192+00,2024-08-28 08:21:18.074192+00
3,شارة الحديقة السرية,https://i.imgur.com/kbpucho.jpeg,https://www.dropbox.com/scl/fi/teukd2eonxn4454t1wu79/Spacetoon.mp4?rlkey=iis1f5si37roq4zdkx91gu0p2&st=8pahn5ee&raw=1,2024-08-28 08:24:14.875744+00,2024-08-28 08:24:14.875744+00
4,شارة أنا و أخني,https://i.imgur.com/IKEbhZI.jpeg,https://www.dropbox.com/scl/fi/tqxneuv0gtlbnxm562m6r/Spacetoon.mp4?rlkey=f3vs06r20llatlv5r0klffa75&st=1ziov02w&raw=1,2024-08-28 08:26:39.604374+00,2024-08-28 08:26:39.604374+00
5,شارة هزيم الرعد,https://i.imgur.com/bvZavgo.jpeg,https://www.dropbox.com/scl/fi/en9e9mgoelw2jwvt30uu7/Spacetoon.mp4?rlkey=mone0sav6ppwdcpwh857w313d&st=m0qixkas&raw=1,2024-08-28 08:29:21.982452+00,2024-08-28 08:29:21.982452+00
6,شارة بات مان,https://i.imgur.com/p4GLhCw.jpeg,https://www.dropbox.com/scl/fi/h9x9n9ebnmw3t7sfoctz8/.mp4?rlkey=pmvv3311c58vuvdategylpa8n&st=at736y1v&raw=1,2024-08-28 08:35:46.317843+00,2024-08-28 08:35:46.317843+00
7,شارة ري بون بون,https://i.imgur.com/EioxIhW.png,https://www.dropbox.com/scl/fi/v003ha2cxxzudauiaoz8s/Rebonbon-Spacetoon.mp4?rlkey=mcawfwbh0mtaudyykj185xp9u&st=pylyaaxf&raw=1,2024-08-28 08:49:39.093974+00,2024-08-28 08:49:39.093974+00
8,شارة أبطال الكرة الجزء الثاني,https://i.imgur.com/liQEIs5.jpeg,https://www.dropbox.com/scl/fi/x4imwaghp78zop1ygiuq3/Spacetoon.mp4?rlkey=w6gkqg0hclv3r6118h8g5dfvo&st=6l6zhc39&raw=1,2024-08-28 08:52:19.739473+00,2024-08-28 08:52:19.739473+00
9,شارة بليزين تينز,https://i.imgur.com/Ngw7oKU.png,https://www.dropbox.com/scl/fi/geztskrbd13r1o0b2kxsq/Blazing-Teens-Spacetoon.mp4?rlkey=599s2k1jkz43p9ryiwr1bl6xx&st=sy9ygzqt&raw=1,2024-08-28 08:56:41.234029+00,2024-08-28 08:56:41.234029+00
10,شارة المقاتل النبيل,https://i.imgur.com/SbODLkZ.jpeg,https://www.dropbox.com/scl/fi/s0quev530rqbp9p25dcoq/Spacetoon.mp4?rlkey=bjo2rtvjp2ji93x92qwoxi72y&st=9hh2iiz7&raw=1,2024-08-28 08:59:20.812043+00,2024-08-28 08:59:20.812043+00
11,شارة سابق ولاحق,https://i.imgur.com/7Fwoay8.jpeg,https://www.dropbox.com/scl/fi/5faggs0ykehcuwm3qvebp/Spacetoon.mp4?rlkey=u6qnma7kle2gdolmm4b8v0m0k&st=2tk846et&raw=1,2024-08-28 09:31:00.89628+00,2024-08-28 09:31:00.89628+00
12,شارة فرسان الارض,https://i.imgur.com/gKI081O.jpeg,https://www.dropbox.com/scl/fi/135xgu6dvmhd89l1v3edx/Spacetoon.mp4?rlkey=mta2obi81g2zyw157h01fa4vd&st=l625xug4&raw=1,2024-08-28 09:32:49.790867+00,2024-08-28 09:32:49.790867+00
13,شارة إيميلي,https://i.imgur.com/znpsZFi.jpeg,https://www.dropbox.com/scl/fi/hwliz16v8y9bts8i1lv24/Spacetoon.mp4?rlkey=k3ugszaij9ml0z3adyd7bchkk&st=2plzhc51&raw=1,2024-08-28 09:34:19.887503+00,2024-08-28 09:34:19.887503+00
14,شارة دراغون بول,https://i.imgur.com/gcqslrJ.png,https://www.dropbox.com/scl/fi/k7mzzh68x17iws8twhl2z/Dragon-Ball-Spacetoon.mp4?rlkey=josl1qqlzob7uahttrv5a70xu&st=uf7s4kja&raw=1,2024-08-28 09:37:29.052378+00,2024-08-28 09:37:29.052378+00
15,شارة الشبح,https://i.imgur.com/IxDPQbT.jpeg,https://www.dropbox.com/scl/fi/bvfvbwdm68c91gt60joai/Spacetoon.mp4?rlkey=uxlrpttjbts656jvsszp6ggge&st=l60a85t8&raw=1,2024-08-28 09:39:16.478034+00,2024-08-28 09:39:16.478034+00
16,شارة القناص,https://i.imgur.com/hjyOGi7.jpeg,https://www.dropbox.com/scl/fi/vgle8e71twm51nh7h9lu0/.mp4?rlkey=berpdi3xw9m6ko4grvngtjheu&st=0px3odt6&raw=1,2024-08-28 09:41:04.616222+00,2024-08-28 09:41:04.616222+00
17,شارة ينبوع الأحلام,https://i.imgur.com/fWad0ZV.jpeg,https://www.dropbox.com/scl/fi/aqtc2l6ngmj07acctlfyc/Spacetoon.mp4?rlkey=jil6oq9tiemi0bcdxa8r8pzhy&st=gtrufl4c&raw=1,2024-08-28 09:42:40.288148+00,2024-08-28 09:42:40.288148+00
18,شارة دري لاند,https://i.imgur.com/0AqkVPZ.jpeg,https://www.dropbox.com/scl/fi/fp96u5372vhw6b5g8b5ks/Tanken-DRILAND-Song-Spacetoon.mp4?rlkey=njazfw4v7ehaw05usmede2htn&st=ruk5khaw&raw=1,2024-08-28 09:44:50.971058+00,2024-08-28 09:44:50.971058+00
19,شارة دراغون بول زد كاي,https://i.imgur.com/OzIUQNz.png,https://www.dropbox.com/scl/fi/zzgzpoa8jrppg5bf1ci5w/Dragon-Ball-Z-Kai-Spacetoon.mp4?rlkey=f8jgybay6fjltuxmq0f3k97hx&st=crin1ayd&raw=1,2024-08-28 09:57:57.238022+00,2024-08-28 09:57:57.238022+00
20,شارة ريمي,https://i.imgur.com/wzrkk1b.png,https://www.dropbox.com/scl/fi/nu5qcmvaphv3z7v50srr3/.mp4?rlkey=xh858bwzvyj79jl45z1qx0y7e&st=djl12iga&raw=1,2024-08-28 10:03:52.413565+00,2024-08-28 10:03:52.413565+00
21,شارة من يعرف كيف يكون,https://i.imgur.com/UGwbBdP.jpeg,https://www.dropbox.com/scl/fi/gugx3bw59r6xs1yozy4ka/.mp4?rlkey=yzh6knuiakum0tfumx283ch7v&st=yqbxcvsx&raw=1,2024-08-28 10:08:37.007295+00,2024-08-28 10:08:37.007295+00
22,شارة ون بيس,https://i.imgur.com/TZUFt79.jpeg,https://www.dropbox.com/scl/fi/4d7o0zpj3yiyaemcyl0nz/One-piece-Spacetoon.mp4?rlkey=jtjemierul5x22frlhmrn05r9&st=nsyojjh0&raw=1,2024-08-28 10:11:02.875499+00,2024-08-28 10:11:02.875499+00
23,شارة دروبي,https://i.imgur.com/zdVfeKo.jpeg,https://www.dropbox.com/scl/fi/9xamy6pd6a0e0s2eeed7f/Do-Re-Bi-Spacetoon.mp4?rlkey=jwn66j6f7cxcf82i0dv9nmlln&st=93vepina&raw=1,2024-08-28 10:16:00.438707+00,2024-08-28 10:16:00.438707+00
24,شارة سلام دانك,https://i.imgur.com/TlVanYZ.jpeg,https://www.dropbox.com/scl/fi/8sgkc7y5lbpogn40njrde/Spacetoon.mp4?rlkey=mfr6rn02spmztkrmj0hc2df3d&st=qlg0alwh&raw=1,2024-08-28 10:20:49.71539+00,2024-08-28 10:20:49.71539+00
25,شارة أبطال الديجيتال الجزء الثالث,https://i.imgur.com/OSrQJey.jpeg,https://www.dropbox.com/scl/fi/s00d0ffyz5b4q52jpk97d/.mp4?rlkey=ifd4hfsikn2hyli31whi3rxom&st=mbwpvca6&raw=1,2024-08-28 10:24:35.488039+00,2024-08-28 10:24:35.488039+00
26,شارة دروبي مع دو ري مي الجزء الثالث,https://i.imgur.com/w06ZM0a.jpeg,https://www.dropbox.com/scl/fi/un6i3rub11bwze8moez69/Spacetoon.mp4?rlkey=gdos9fjnvco3oq7xdvx8nlw14&st=2tdt5rnj&raw=1,2024-08-28 10:37:29.769533+00,2024-08-28 10:37:29.769533+00
27,شارة مدينة النخيل,https://i.imgur.com/4SUilYa.jpeg,https://www.dropbox.com/scl/fi/kkzlhau3l37v17euigky6/Spacetoon.mp4?rlkey=iypdb6b7qcu722vue85px9wjb&st=iqwrufgi&raw=1,2024-08-28 10:46:31.75652+00,2024-08-28 10:46:31.75652+00
28,شارة بائعة الكبريت,https://i.imgur.com/Ohvl5gQ.jpeg,https://www.dropbox.com/scl/fi/5rjsrwmyaj0ssvu7q2s7z/Spacetoon.mp4?rlkey=alcwnhjd4ge49skmphhu20ygz&st=g9pbv58u&raw=1,2024-08-28 11:25:34.873612+00,2024-08-28 11:25:34.873612+00
29,شارة سيمبا,https://i.imgur.com/xrTE9U6.jpeg,https://www.dropbox.com/scl/fi/25im7kaj3nn6q8o496fit/.mp4?rlkey=34ta4qwryvbvopo98u4k613pg&st=lo1209li&raw=1,2024-08-28 12:25:28.301045+00,2024-08-28 12:25:28.301045+00
30,شارة شوت,https://i.imgur.com/vxBUzQd.jpeg,https://www.dropbox.com/scl/fi/boucp93xl0uwb9yp1cgkj/Spacetoon.mp4?rlkey=2nhroxte1bf96y1jypmdcp3zm&st=vkza6g37&raw=1,2024-08-28 12:27:28.303702+00,2024-08-28 12:27:28.303702+00
31,شارة قصص حياتي,https://i.imgur.com/pUrLAAY.jpeg,https://www.dropbox.com/scl/fi/utbza68zf1i53v9p2ianq/HayatiGirl-Song-Spacetoon.mp4?rlkey=2vhkhmh5fydnz2008k3egj0ml&st=w5e6p70o&raw=1,2024-08-28 12:32:58.583229+00,2024-08-28 12:32:58.583229+00
32,شارة يو كاي واتش,https://i.imgur.com/YTU2d8P.jpeg,https://www.dropbox.com/scl/fi/tw378xg9o0te8so7i56g7/Yo-Kai-Watch-Opening-Spacetoon.mp4?rlkey=vx38zumdhe8z3lgr5im6xmyz9&st=kjnnxdj8&raw=1,2024-08-28 12:37:17.318613+00,2024-08-28 12:37:17.318613+00
33,شارة أنا وأخواتي,https://i.imgur.com/WxjTee1.jpeg,https://www.dropbox.com/scl/fi/b056nee1lign67ufwxcof/Spacetoon.mp4?rlkey=rb8d9ftf5x909t1vf04oho65g&st=mqgfl3fj&raw=1,2024-08-28 12:38:44.545705+00,2024-08-28 12:38:44.545705+00
34,شارة أكادمية الشرطة,https://i.imgur.com/LPA7GTd.jpeg,https://www.dropbox.com/scl/fi/gswbzrjb4pg6xb241fl8q/Police-Academy-Spacetoon.mp4?rlkey=x2jmorssiugua3eb3rmrzgx9g&st=g3z3fy0j&raw=1,2024-08-28 12:46:32.798611+00,2024-08-28 12:46:32.798611+00
35,شارة كابتن ماجد الجزء الثالث,https://i.imgur.com/i7ath11.jpeg,https://www.dropbox.com/scl/fi/o3jo3mhpbxflyc37v1lvq/Spacetoon.mp4?rlkey=c7xpngzcjsfxv3tynjg4o2jyx&st=81kb09tw&raw=1,2024-08-28 12:48:39.370602+00,2024-08-28 12:48:39.370602+00
36,شارة صانع السلام,https://i.imgur.com/sYTr9Oi.jpeg,https://www.dropbox.com/scl/fi/vqjvmaqk5ri7j0g8fuy8i/Spacetoon.mp4?rlkey=smtsxz72l1006m78rfwbp30fr&st=lde4etp2&raw=1,2024-08-28 12:50:42.231874+00,2024-08-28 12:50:42.231874+00
37,شارة توب بليت,https://i.imgur.com/ze9OIxK.jpeg,https://www.dropbox.com/scl/fi/k4ykszobdppn13jud7rqq/Top-Plate-Spacetoon.mp4?rlkey=adpz8l0u3hfjcwvrommee7mfk&st=8hbfl02a&raw=1,2024-08-28 12:54:04.355401+00,2024-08-28 12:54:04.355401+00
38,شارة باص المدرسة العجيب,https://i.imgur.com/WTNzsQW.png,https://www.dropbox.com/scl/fi/tgfgch88o1gdi648u0659/Spacetoon.mp4?rlkey=iwnrl8t4s3d2a5hx70getxxrq&st=a9ehgmtb&raw=1,2024-08-28 12:57:44.150465+00,2024-08-28 12:57:44.150465+00
39,شارة النمرالمقنع,https://i.imgur.com/A81qnnA.jpeg,https://www.dropbox.com/scl/fi/n7pz8nk7oc047cig4fn0k/Spacetoon.mp4?rlkey=ongcyu0gcli9l4jh6wqy0tg5t&st=7l35gqx5&raw=1,2024-08-28 21:48:16.794809+00,2024-08-28 21:48:16.794809+00
40,شارة جواهر,https://i.imgur.com/m5X0M0k.jpeg,https://www.dropbox.com/scl/fi/s84fozcpczwm4ik0ng9tm/Spacetoon.mp4?rlkey=rme65dbg6ech0qnakixv2p966&st=mdh7fcqi&raw=1,2024-08-28 21:50:22.800212+00,2024-08-28 21:50:22.800212+00
41,شارة الطاقة الزرقاء,https://i.imgur.com/uMUiAio.png,https://www.dropbox.com/scl/fi/glmxmkuo6x5p9yvobplji/Spacetoon.mp4?rlkey=vci89gf7e1tzo8hu2on4dt8k0&st=a0v41nt8&raw=1,2024-08-28 21:54:49.386285+00,2024-08-28 21:54:49.386285+00
42,شارة ماجد الجزء الأول,https://i.imgur.com/PIl1viL.jpeg,https://www.dropbox.com/scl/fi/bgnh85ftq65om0ta0s7d0/Spacetoon.mp4?rlkey=nclph1zsqn94a86vu18gg1zf4&st=a2x7eyin&raw=1,2024-08-28 21:58:31.636828+00,2024-08-28 21:58:31.636828+00
43,شارة صقور الارض,https://i.imgur.com/xoDcIIs.png,https://www.dropbox.com/scl/fi/wqqtcof46uiybpv6s6qvu/.mp4?rlkey=d7xylmb1q0d9tu7ka2wkdfevo&st=d6fpyw08&raw=1,2024-08-28 22:05:29.47831+00,2024-08-28 22:05:29.47831+00
44,شارة القط الأسود,https://i.imgur.com/mI6n0AA.jpeg,https://www.dropbox.com/scl/fi/4abz0hx14930ke3e4beuj/Black-Cat-HD.mp4?rlkey=i7kmzeyfe7f71lrq9wh3xu5sv&st=ysks1oun&raw=1,2024-08-29 08:50:15.826159+00,2024-08-29 08:50:15.826159+00
45,شارة محققون,https://i.imgur.com/UolrQnf.jpeg,https://www.dropbox.com/scl/fi/g51mksljgqh1tbo83y3is/Spacetoon.mp4?rlkey=esbcikolzf3lwlfnddko3qcud&raw=1,2024-09-02 17:39:31.292353+00,2024-09-02 17:39:31.292353+00
46,شارة إيروكا,https://i.imgur.com/EVQOQS9.jpeg,https://www.dropbox.com/scl/fi/jbi6vagijpv0ke6u09xf4/Spacetoon.mp4?rlkey=swm3i84ycq404586ly2dpxqb3&raw=1,2024-09-02 19:23:48.449289+00,2024-09-02 19:23:48.449289+00
47,شارة مدرسة الكونغ فو,https://i.imgur.com/BzA9AWr.jpeg,https://www.dropbox.com/scl/fi/toulgjs140zvf2xs5v2uj/Spacetoon.mp4?rlkey=lo81dryy79w9vlr7ybughxu2l&raw=1,2024-09-02 19:30:48.741375+00,2024-09-02 19:30:48.741375+00
48,شارة الصياد الجريء,https://i.imgur.com/Qy6lJ63.jpeg,https://www.dropbox.com/scl/fi/ai0ww3tm2io7ih9ltcgu6/Spacetoon.mp4?rlkey=bz646dzyeb8yhbbl0gyioqrqq&raw=1,2024-09-02 19:37:37.319089+00,2024-09-02 19:37:37.319089+00
49,شارة كوكب الباندا,https://i.imgur.com/Jl0ZO04.jpeg,https://www.dropbox.com/scl/fi/udh9v77axin08cdulm3hg/.mp4?rlkey=xai6p1feij8nhr5pg16g2ndjr&raw=1,2024-09-02 19:38:57.008392+00,2024-09-02 19:38:57.008392+00
50,شارة الرمية الملتهبة,https://i.imgur.com/tQihVAa.jpeg,https://www.dropbox.com/scl/fi/kl1t6l253hmjkr8baqqf1/.mp4?rlkey=ky17jxmp3hhy89l57wnp3s7li&raw=1,2024-09-03 08:02:06.251912+00,2024-09-03 08:02:06.251912+00
51,شارة أوف سايد,https://i.imgur.com/QfPCNOf.jpeg,https://www.dropbox.com/scl/fi/tn9x28clnditqzz9yc0n9/Spacetoon.mp4?rlkey=t280cigp95af5mr52panll6eu&raw=1,2024-09-03 08:09:08.393594+00,2024-09-03 08:09:08.393594+00
52,شارة باباي,https://i.imgur.com/2WqY2KA.jpeg,https://www.dropbox.com/scl/fi/2ml0cj5tqyn20kmpcfy9s/Papaye-Spacetoon.mp4?rlkey=e7gsqriyiosus8a6k0evw2m9p&raw=1,2024-09-03 08:11:03.697015+00,2024-09-03 08:11:03.697015+00
53,شارة بي بو با,https://i.imgur.com/a7Ghzv1.jpeg,https://www.dropbox.com/scl/fi/dkxi1arkhuusl58lct8gd/Spacetoon.mp4?rlkey=1ml1h1lgew5nuhxblu1sde9fa&raw=1,2024-09-03 08:18:14.5255+00,2024-09-03 08:18:14.5255+00
54,شارة أرض الخيول,https://i.imgur.com/Obz3KjM.jpeg,https://www.dropbox.com/scl/fi/xlh0f4cxjzwb4ap01ow5m/Spacetoon.mp4?rlkey=n1fu64wupw4ndqoltnrx9gl6f&raw=1,2024-09-03 08:22:58.717524+00,2024-09-03 08:22:58.717524+00
55,شارة أبي,https://i.imgur.com/eXirhgg.jpeg,https://www.dropbox.com/scl/fi/2exihn2jw9wambkdtsrhj/Spacetoon.mp4?rlkey=462m0banorxgdvb7dmfweh1hk&raw=1,2024-09-03 08:24:21.862904+00,2024-09-03 08:24:21.862904+00
57,شارة أبطال الكرة الموسم الثالث,https://i.imgur.com/BdRpqVF.jpeg,https://www.dropbox.com/scl/fi/rib86lqlhwkj8rf3ywo8f/Inazuma-Eleven-Season-3-Intro-Spacetoon.mp4?rlkey=1twc93fccrjyd55i0tjgvz0oi&raw=1,2024-09-03 09:44:39.045793+00,2024-09-03 09:44:39.045793+00
58,شارة ال بي اكس,https://i.imgur.com/iOIUbcg.jpeg,https://www.dropbox.com/scl/fi/onnzkr5austm2lqv27iuz/LBX-Little-Battler-Experience-Spacetoon.mp4?rlkey=m11eu1p667v1chfyliiakwto4&raw=1,2024-09-03 09:46:33.730051+00,2024-09-03 09:46:33.730051+00
59,شارة همتارو,https://i.imgur.com/DAcULTL.jpeg,https://www.dropbox.com/scl/fi/6o03fyv0g9y2h9lgqg4ap/.mp4?rlkey=mnhx85b7pubhfrw6o08rpgmca&raw=1,2024-09-03 09:49:07.243027+00,2024-09-03 09:49:07.243027+00
60,شارة مغامرات نغم,https://i.imgur.com/GK8WMCP.jpeg,https://www.dropbox.com/scl/fi/2d8biqvnszcpw3zwsa11h/Spacetoon.mp4?rlkey=hlzo8ua0d1hdc7xjq7dakhir2&raw=1,2024-09-03 09:50:31.099919+00,2024-09-03 09:50:31.099919+00
61,شارة أسرار الغابة,https://i.imgur.com/p04HXw2.jpeg,https://www.dropbox.com/scl/fi/kzdq071gvfeeryqqff02q/Spacetoon.mp4?rlkey=t79uawhrtypr2prczkk7vc6lt&raw=1,2024-09-03 09:52:36.464672+00,2024-09-03 09:52:36.464672+00
62,شارة بداية ويب دايفر,https://i.imgur.com/8b2AYfd.png,https://www.dropbox.com/scl/fi/6q0mpqag49tpnro0vpaw4/Spacetoon.mp4?rlkey=35c2vwjqwtdm6wfnsoqxsyn19&raw=1,2024-09-03 09:57:19.928738+00,2024-09-03 09:57:19.928738+00
63,شارة حكايات عالمية,https://i.imgur.com/WWsjrKm.png,https://www.dropbox.com/scl/fi/z4u01txcr86j6wdsvfntr/bolafi.mp4?rlkey=utiny4sdaqvsypnsq03ioyj20&raw=1,2024-09-03 10:09:47.090357+00,2024-09-03 10:09:47.090357+00
64,شارة سالي,https://i.imgur.com/fmOjgI8.png,https://www.dropbox.com/scl/fi/s60stqi2azzr98etpe0nl/.mp4?rlkey=5ot0x4xmfv9ipfrl2rtc3qdxp&raw=1,2024-09-03 10:48:28.654698+00,2024-09-03 10:48:28.654698+00
65,شارة حكايات لا تنسى,https://i.imgur.com/cJtos2f.png,https://www.dropbox.com/scl/fi/nubiio4n75vllnacb5zv5/.mp4?rlkey=6mfujqnonfg5lz6d33lf4z0rr&raw=1,2024-09-03 10:58:17.425762+00,2024-09-03 10:58:17.425762+00
66,شارة جرندايزر,https://i.imgur.com/3S74jwI.jpeg,https://www.dropbox.com/scl/fi/1b1kwh1qi9hofpz63ql10/Grendizer-SpaceToon.mp4?rlkey=jkkorxh8cx9fq31mig9csfby3&raw=1,2024-09-03 11:00:43.106075+00,2024-09-03 11:00:43.106075+00
67,شارة يداتين جمب,https://i.imgur.com/NlLxfu9.jpeg,https://www.dropbox.com/scl/fi/ldaojosduar4qsvrvyns6/Idaten-jump-song.mp4?rlkey=3tsndawg2fqml8ce4qonoh9kx&raw=1,2024-09-03 11:06:29.410363+00,2024-09-03 11:06:29.410363+00
68,شارة بيبي الشقية,https://i.imgur.com/3Xr1Sux.jpeg,https://www.dropbox.com/scl/fi/3qnnzmzf3nfi4ekmcnqfj/Spacetoon.mp4?rlkey=yk8key6jugzgdvofxut9bpdlg&raw=1,2024-09-03 11:08:09.669146+00,2024-09-03 11:08:09.669146+00
